case_id,dataset_id,input,reference,old_output,new_output,old_error,new_error,old_finish_reason,new_finish_reason,both_completed,old_exact_match,new_exact_match,old_edit_similarity,new_edit_similarity,delta_edit_similarity,old_chrf,new_chrf,delta_chrf,old_wer,new_wer,delta_wer,old_seconds,new_seconds
V01,voiceink-validation,mina where should i return the folding chairs the parish hall or the sports pavilion question mark and who has the storage key i can go tomorrow,"Mina, where should I return the folding chairs, the parish hall or the sports pavilion? And who has the storage key? I can go tomorrow.","Minia, where should I return the folding chairs? The parish hall or the sports pavilion?

Question mark and who has the storage key? I can go tomorrow.","Where should I return the folding chairs? The parish hall or the sports pavilion?

Question: Who has the storage key?
I can go tomorrow.",,,stop,stop,True,False,False,0.923076923076923,0.8929889298892989,-0.030087993187624118,0.8703137018704039,0.8176226954888203,-0.05269100638158364,0.24,0.32,0.08000000000000002,1.6736122920001435,1.0540694159999475
V02,voiceink-validation,message to dev colon the freezer door looks shut but it isnt sealing comma so push it until you hear two clicks not one full stop,"Message to Dev: The freezer door looks shut, but it isn’t sealing, so push it until you hear 2 clicks, not one.","Message to Dev: The freezer door looks shut but it isn't sealing. Push it until you hear two clicks, not one full stop.","Message to dev: The freezer door looks shut, but it isnt sealing, so push it until you hear two clicks.",,,stop,stop,True,False,False,0.8956521739130436,0.9252336448598131,0.02958147094676944,0.7614844791671005,0.7811571994483819,0.01967272028128142,0.4090909090909091,0.2727272727272727,-0.1363636363636364,0.5609834169999885,0.586302582999906
V03,voiceink-validation,dear ken we heard about your new house period may we visit next sunday around tea time question mark warm wishes comma lou and fay,"Dear Ken,

We heard about your new house. May we visit next Sunday around teatime?

Warm wishes,
Lou and Fay","Dear Ken, we heard about your new house. May we visit next Sunday around tea time? Warm wishes, Lou and Fay.","Dear Ken,

We heard about your new house. May we visit next Sunday around tea time?

Warm wishes,
Lou and Fay",,,stop,stop,True,False,False,0.9444444444444444,0.9953917050691244,0.050947260624680024,0.9312505492138318,0.9819977433574129,0.05074719414358109,0.3157894736842105,0.10526315789473684,-0.21052631578947367,0.5536691249999421,0.5795653749996745
V04,voiceink-validation,can the taxi take four passengers plus a folding wheelchair and two medium cases or should we request a larger car question mark for the airport run,"Can the taxi take 4 passengers, a folding wheelchair, and 2 medium cases, or should we request a larger car for the airport run?",Can the taxi take four passengers plus a folding wheelchair and two medium cases or should we request a larger car for the airport run?,"Can the taxi take four passengers plus a folding wheelchair and two medium cases, or should we request a larger car?",,,stop,stop,True,False,False,0.935361216730038,0.8524590163934427,-0.08290220033659534,0.801849993870417,0.7076558470661475,-0.09419414680426952,0.25,0.4166666666666667,0.16666666666666669,0.5431913749998785,0.5570846669997991
V05,voiceink-validation,before the guests arrive saturday morning comma separate the white laundry wash the towels at sixty and hang the linen shirts instead of machine drying them,"Before the guests arrive Saturday morning, separate the white laundry, wash the towels at 60 degrees, and hang the linen shirts instead of machine-drying them.","Before the guests arrive, Saturday morning, separate the white laundry. Wash the towels at sixty and hang the linen shirts instead of machine drying them.","Before the guests arrive, Saturday morning:

- Separate the white laundry.
- Wash the towels at sixty.
- Hang the linen shirts instead of machine drying them.",,,stop,stop,True,False,False,0.9329073482428114,0.8769716088328076,-0.05593573941000385,0.8097014954314176,0.7188907789185063,-0.09081071651291128,0.28,0.48,0.19999999999999996,0.5888965419999295,0.7320684589999473
V06,voiceink-validation,dear neighbors please collect your post from the lower lobby shelf by friday evening period anything remaining there will move to reception before mondays delivery,"Dear Neighbors,

Please collect your post from the lower lobby shelf by Friday evening. Anything remaining there will move to Reception before Monday’s delivery.","Dear neighbors, please collect your post from the lower lobby shelf by Friday evening. Anything remaining there will be moved to reception before Monday's delivery.","Dear neighbors,

Please collect your post from the lower lobby shelf by Friday evening. Anything remaining there will move to reception before Monday’s delivery.

Best,
[Your Name]",,,stop,stop,True,False,False,0.9538461538461537,0.9325513196480939,-0.021294834198059776,0.8254122527719122,0.9101226412703347,0.0847103884984225,0.25,0.16666666666666666,-0.08333333333333334,0.5856325419999848,0.749956249999741
V07,voiceink-validation,support closed the incident at eleven forty p m utc service had been stable since ten oh five and monitoring continued overnight with the incident commander remaining on call,"Support closed the incident at 11:40 PM UTC. Service had been stable since 10:05, and monitoring continued overnight. The Incident Commander remained on call.",Support closed the incident at 11:40 p.m. UTC. Service had been stable since 10:05 p.m. Monitoring continued overnight with the incident commander remaining on call.,"Support closed the incident at 11:40 UTC. Service had been stable since 10:05, and monitoring continued overnight with the incident commander remaining on call.",,,stop,stop,True,False,False,0.8978328173374613,0.9371069182389937,0.03927410090153238,0.7523859412008216,0.8247407882006729,0.07235484699985129,0.4166666666666667,0.2916666666666667,-0.125,0.6992311660001178,0.7218661249999059
V08,voiceink-validation,the sales manager approved the five percent discount but not the free implementation package shown in the latest quote despite a separate verbal concession request,"The Sales manager approved the 5% discount, but not the free implementation package shown in the latest quote. A separate verbal concession request remains unapproved.","The sales manager approved a five percent discount but not the free implementation package shown in the latest quote, despite a separate verbal concession request.",The sales manager approved the five percent discount but not the free implementation package shown in the latest quote despite a separate verbal concession request.,,,stop,stop,True,False,False,0.8484848484848484,0.8580060422960725,0.009521193811224071,0.7280795769756885,0.7465118579215112,0.01843228094582272,0.44,0.4,-0.03999999999999998,0.5218076249998376,0.552065209000375
V09,voiceink-validation,why did the nightly pipe line finish green even though the schema validation step logged seventeen errors is continue on error set somewhere question mark,Why did the nightly pipeline finish green even though the schema validation step logged 17 errors? Is continue-on-error set somewhere?,Why did the nightly pipeline finish green even though the schema validation step logged seventeen errors? Is it continuing on error set somewhere?,Why did the nightly pipe line finish green even though the schema validation step logged seventeen errors? Is it continue on error set somewhere question mark?,,,stop,stop,True,False,False,0.9214285714285715,0.8873720136518771,-0.03405655777669436,0.8558843758789592,0.8170944176459985,-0.03878995823296061,0.25,0.5,0.25,0.5311560420000205,0.613450875000126
V10,voiceink-validation,please shorten the permission dialog it currently says in order to continue we need to be able to access your microphone period keep the reason visible though,"Please shorten the permission dialog. It currently says, “In order to continue, we need to be able to access your microphone.” Keep the reason visible, though.",Please shorten the permission dialog to continue. We need to be able to access your microphone. Keep the reason visible.,Please shorten the permission dialog. It currently says “in order to continue” and “we need to be able to access your microphone.” Keep the reason visible though.,,,stop,stop,True,False,False,0.8458781362007168,0.9657320872274142,0.11985395102669738,0.6765817965169388,0.8681592857556026,0.1915774892386638,0.4230769230769231,0.23076923076923078,-0.1923076923076923,0.507043290999718,0.6424710420001247
V11,voiceink-validation,the search index skipped records with emoji in the title reprocessing succeeds after unicode normalization form c is applied period existing records need back filling,The search index skipped records with emoji in the title. Reprocessing succeeds after Unicode Normalization Form C is applied. Existing records need backfilling.,The search index skipped records with emojis in the title. Reprocessing succeeds after Unicode normalization. Form C is applied. Existing records need backfilling.,The search index skipped records with emoji in the title. Reprocessing succeeds after Unicode normalization (form C) is applied. Existing records need back-filling.,,,stop,stop,True,False,False,0.9876543209876543,0.9784615384615385,-0.009192782526115773,0.9195698719191442,0.8840035492542944,-0.035566322664849825,0.08695652173913043,0.17391304347826086,0.08695652173913043,0.5852881249998063,0.6605760000002192
V12,voiceink-validation,paragraph break the tablet layout is usable in portrait period in landscape the sticky footer overlaps the final form field by twenty four pixels period rotation does not recalculate it,"The tablet layout is usable in portrait. In landscape, the sticky footer overlaps the final form field by 24 pixels. Rotation does not recalculate it.","The tablet layout is usable in portrait mode. In landscape mode, the sticky footer overlaps the final form field by 24 pixels. Rotation does not recalculate.",The tablet layout is usable in portrait and landscape. The sticky footer overlaps the final form field by 24 pixels. Rotation does not recalculate it.,,,stop,stop,True,False,False,0.9576547231270358,0.9733333333333334,0.015678610206297572,0.9266417185260976,0.9027577914451161,-0.023883927080981415,0.24,0.16,-0.07999999999999999,0.6232521249999081,0.6273594579997734
V13,voiceink-validation,can you check whether the variance calculation uses n or n minus one results differ from the published table by point zero three before correcting the published appendix,Can you check whether the variance calculation uses n or n−1? Results differ from the published table by 0.03. Check this before correcting the published appendix.,Can you check whether the variance calculation uses n or n-1 results differ from the published table by 0.3 before correcting the published appendix?,Can you check whether the variance calculation uses n or n minus one? Results differ from the published table by 0.3 before correcting the published appendix.,,,stop,stop,True,False,False,0.9358974358974359,0.9221183800623052,-0.013779055835130727,0.8223675230464557,0.8516110385088289,0.02924351546237325,0.23076923076923078,0.23076923076923078,0.0,0.5947980830001143,0.655062541999996
V14,voiceink-validation,during the quarterly structural survey inspection at pier two found minor scaling above the water line comma no exposed reinforcement and no measurable change since march,"During the quarterly structural survey, inspection at Pier 2 found minor scaling above the waterline, no exposed reinforcement, and no measurable change since March.","During the quarterly structural survey inspection at Pier Two, minor scaling was found above the water line. No exposed reinforcement was detected, and no measurable change was observed since March.","During the quarterly structural survey inspection at Pier Two, found minor scaling above the water line, no exposed reinforcement, and no measurable change since March.",,,stop,stop,True,False,False,0.859504132231405,0.978978978978979,0.11947484674757403,0.780104442821791,0.9227448467995751,0.1426404039777841,0.5416666666666666,0.16666666666666666,-0.375,0.6107095830002436,0.6234821660000307
V15,voiceink-validation,thirty minute discharge test reading colon battery bank voltage was twenty five point six at rest comma then dropped to twenty two point nine under inverter load,"30-minute discharge-test reading: Battery-bank voltage was 25.6 at rest, then dropped to 22.9 under inverter load.","Thirty-minute discharge test reading:
- Colon battery bank voltage at rest: 25.6 V
- Under inverter load: 22.9 V","Thirty-minute discharge test reading:
- Battery bank voltage at rest: 25.6 V
- Battery bank voltage under inverter load: 22.9 V",,,stop,stop,True,False,False,0.7079646017699115,0.7302904564315353,0.022325854661623845,0.5223198321203212,0.5407612952762484,0.018441463155927207,1.0,1.0,0.0,0.6282085409998217,0.7481411660000958
V16,voiceink-validation,dear nina before the accessibility review meeting note that the attached screen reader transcript timestamps correspond to build one eighty four not the latest beta,"Dear Nina,

Before the accessibility-review meeting, note that the attached screen-reader transcript timestamps correspond to Build 184, not the latest beta.","Dear Nina,

Before the accessibility review meeting, I am attaching the screen reader transcript. The timestamps correspond to Build 1.84, not the latest beta.","Dear Nina,

Before the accessibility review meeting, note that the attached screen reader transcript timestamps correspond to build 1.84, not the latest beta.",,,stop,stop,True,False,False,0.9050632911392404,0.9777777777777777,0.0727144866385373,0.7507393330848257,0.8680909552798406,0.11735162219501494,0.47619047619047616,0.2857142857142857,-0.19047619047619047,0.6104995409996263,0.690527917000054
V17,voiceink-validation,dear garden club saturdays seed swap moves indoors to room four because rain is likely period label packets with variety and harvest year cheers comma monica,"Dear Garden Club,

Saturday’s seed swap moves indoors to Room 4 because rain is likely. Label packets with the variety and harvest year.

Cheers,
Monica","Dear Garden Club,
Saturdays seed swap moves indoors to Room 4 because rain is likely.
Label packets with variety and harvest year.
Cheers,
Monica","Dear Garden Club,

Saturdays seed swap moves indoors to Room Four because rain is likely.

Please label packets with variety and harvest year.

Cheers,
Monica",,,stop,stop,True,False,False,0.9696969696969697,0.9354838709677421,-0.03421309872922762,0.9246787582623088,0.8450737303585424,-0.07960502790376645,0.2916666666666667,0.20833333333333334,-0.08333333333333334,0.6663061659996856,0.845120124999994
V18,voiceink-validation,event recap colon one hundred eighty four attendees checked in and seventeen walk ins paid at the door period the west room session filled first but but no one was turned away,"Event recap: 184 attendees checked in, and 17 walk-ins paid at the door. The West Room session filled first, but no one was turned away.","184 attendees checked in. 17 walk-ins paid at the door. The West Room session filled first, but no one was turned away.","Event recap: 184 attendees checked in, and 17 walked in. Paid at the door. The West Room session filled first, but no one was turned away.",,,stop,stop,True,False,False,0.9254901960784313,0.9708029197080292,0.04531272362959793,0.8554276602248106,0.9262783097987256,0.07085064957391496,0.16,0.12,-0.04000000000000001,0.5842808750003314,0.7423647919999894
V19,voiceink-validation,our pickup window was one to three and and no driver came can you reschedule for tomorrow morning without creating a second charge question mark there are seven boxes,"Our pickup window was 1:00 to 3:00, and no driver came. Can you reschedule for tomorrow morning without creating a second charge? There are 7 boxes.",Our pickup window is one to three. No driver came. Can you reschedule for tomorrow morning? Without creating a second charge question mark. There are seven boxes.,"Our pickup window was one to three, and no driver came. Can you reschedule for tomorrow morning without creating a second charge? There are seven boxes.",,,stop,stop,True,False,False,0.8322580645161292,0.9266666666666665,0.09440860215053737,0.7079083537827741,0.8605101330453455,0.15260177926257146,0.4230769230769231,0.11538461538461539,-0.3076923076923077,0.6215953749997425,0.6447048750001159
V20,voiceink-validation,lock report colon rear office lever sticks when pulled upward latch works from inside but but key rotation outside stops halfway do not force it,"Lock report: The rear-office lever sticks when pulled upward. The latch works from inside, but key rotation outside stops halfway. Do not force it.",Lock report: Rear office lever sticks when pulled upward. Latch works from inside but key rotation outside stops halfway. Do not force it.,"Lock report: Rear office lever sticks when pulled upward. Latch works from inside, but key rotation outside stops halfway. Do not force it.",,,stop,stop,True,False,False,0.9473684210526316,0.951048951048951,0.003680529996319404,0.8329325293646995,0.8658507062443855,0.03291817687968601,0.20833333333333334,0.16666666666666666,-0.041666666666666685,0.5774166659998627,0.6079977499998677
V21,voiceink-validation,please ask the bus station whether the midnight coach has under floor luggage storage and um whether bicycles need a separate reservation question mark for next friday night,Please ask the bus station whether the midnight coach has underfloor luggage storage and whether bicycles need a separate reservation for next Friday night.,Please ask the bus station whether the midnight coach has under-floor luggage storage and whether bicycles need a separate reservation for next Friday night.,Please ask the bus station whether the midnight coach has under-floor luggage storage and whether bicycles need a separate reservation. Question mark for next Friday night.,,,stop,stop,True,False,False,0.9968051118210862,0.951219512195122,-0.0455855996259642,0.9689607622064027,0.9297610552340997,-0.03919970697230302,0.041666666666666664,0.16666666666666666,0.125,0.529111291999925,0.666688540999985
V22,voiceink-validation,ask operations why the overnight shipment went to phoenix instead of tucson comma include tracking number nine three six zero zero one and request a corrected delivery estimate,"Ask Operations why the overnight shipment went to Phoenix instead of Tucson, include tracking number 936001, and request a corrected delivery estimate.",Asks operations why the overnight shipment went to Phoenix instead of Tucson. Include tracking number 936-0001 and request a corrected delivery estimate.,Ask operations why the overnight shipment went to Phoenix instead of Tucson. Include tracking number 936-0001 and request a corrected delivery estimate.,,,stop,stop,True,False,False,0.9671052631578947,0.9702970297029703,0.0031917665450755806,0.8508481395506061,0.8569209910259797,0.00607285147537362,0.22727272727272727,0.18181818181818182,-0.04545454545454544,0.6278388340001584,0.6217294590001075
V23,voiceink-validation,the budget deck accidentally labels fiscal year twenty twenty six as calendar year twenty twenty six period the underlying numbers are fiscal and the footnote uses the same incorrect label,The budget deck accidentally labels fiscal year 2026 as calendar year 2026. The underlying numbers are fiscal-year figures. The footnote uses the same incorrect label.,"The budget deck accidentally labels fiscal year 2026 as the calendar year 2026 period. The underlying numbers are fiscal, and the footnote uses the same incorrect label.","The budget deck accidentally labels fiscal year 2026 as calendar year 2026. The underlying numbers are fiscal, and the footnote uses the same incorrect label.",,,stop,stop,True,False,False,0.9107142857142857,0.9415384615384617,0.03082417582417596,0.8362468363805271,0.8803745271713368,0.04412769079080969,0.24,0.12,-0.12,0.668156541999906,0.6672150420004073
V24,voiceink-validation,the monday notes should say decision deferred pending tax advice comma not decision denied and the follow up owner is casey from treasury before circulating the revised record,"The Monday notes should say, “Decision deferred pending tax advice,” not “Decision denied,” and the follow-up owner is Casey from Treasury. Circulate the revised record afterward.","The Monday notes should say ""decision deferred pending tax advice"" and not ""decision denied."" The follow-up owner is Casey from Treasury before circulating the revised record.","The Monday notes should say “decision deferred pending tax advice,” not “decision denied,” and the follow-up owner is Casey from Treasury before circulating the revised record.",,,stop,stop,True,False,False,0.8587570621468926,0.9183098591549296,0.05955279700803695,0.7065446087362008,0.8078436397523352,0.10129903101613436,0.5,0.3076923076923077,-0.1923076923076923,0.5912159159997827,0.7206499159997293
V25,voiceink-validation,the service report lists priority one downtime as forty eight minutes the incident timeline supports only thirty eight because monitoring recovered earlier and customer success disputes the longer figure,The service report lists Priority 1 downtime as 48 minutes. The incident timeline supports only 38 minutes because monitoring recovered earlier. Customer Success disputes the longer figure.,"The service report lists priority one downtime as 48 minutes. The incident timeline supports only 38 minutes, because monitoring recovered earlier and customer success disputes the longer figure.","The service report lists priority one downtime as 48 minutes. The incident timeline supports only 38 because monitoring recovered earlier, and customer success disputes the longer figure.",,,stop,stop,True,False,False,0.9583333333333335,0.9361702127659575,-0.022163120567376016,0.8570319235616769,0.825178938738624,-0.03185298482305288,0.25925925925925924,0.25925925925925924,0.0,0.6407677090001016,0.8350139169997419
V26,voiceink-validation,the investigation scope covers expense approvals from january through april it does not include vendor selection or contract negotiation unless new evidence expands the review,The investigation scope covers expense approvals from January through April. It does not include vendor selection or contract negotiation. New evidence could expand the review.,The investigation scope covers expense approvals from January through April. It does not include vendor selection or contract negotiation unless new evidence expands the review.,The investigation scope covers expense approvals from January through April. It does not include vendor selection or contract negotiation unless new evidence expands the review.,,,stop,stop,True,False,False,0.9518413597733713,0.9518413597733713,0.0,0.8836023501462565,0.8836023501462565,0.0,0.2,0.2,0.0,0.544365000000198,0.7543280410000079
V27,voiceink-validation,following the latest litigation update the controller approved a two hundred fifty thousand reserve comma subject to receiving counsels final estimate before close by noon tomorrow,"Following the latest litigation update, the Controller approved a $250,000 reserve, subject to receiving counsel’s final estimate before close. Counsel’s estimate is due by noon tomorrow.","Following the latest litigation update, the controller approved a reserve of $250,000, subject to receiving counsel's final estimate before close by noon tomorrow.","Following the latest litigation update, the controller approved a $250,000 reserve, subject to receiving counsel. Final estimate before close by noon tomorrow.",,,stop,stop,True,False,False,0.8571428571428572,0.9017341040462428,0.04459124690338556,0.7420321335723352,0.7912526923041164,0.04922055873178122,0.38461538461538464,0.3076923076923077,-0.07692307692307693,0.6352480420000575,0.6871394999998302
V28,voiceink-validation,would you send the customer the maintenance window in both eastern and greenwich mean time comma make clear that service may be intermittent before the maintenance notice is translated,"Would you send the customer the maintenance window in both Eastern Time and Greenwich Mean Time, and make clear that service may be intermittent? The maintenance notice will be translated afterward.",Would you send the customer the maintenance window in both Eastern and Greenwich Mean Time? Make sure to clarify that service may be intermittent before the maintenance notice is translated.,Would you send the customer the maintenance window in both Eastern and Greenwich Mean Time? Make clear that service may be intermittent before the maintenance notice is translated.,,,stop,stop,True,False,False,0.865979381443299,0.8941798941798942,0.028200512736595185,0.7327145568021919,0.7735029588958372,0.040788402093645315,0.41935483870967744,0.3548387096774194,-0.06451612903225806,0.6087084999999206,0.7138920839997809
V29,voiceink-validation,who owns the response to the accessibility questionnaire question mark product answered the first section but legal and security sections remain blank before friday afternoons submission deadline,"Who owns the response to the accessibility questionnaire? Product answered the first section, but the Legal and Security sections remain blank. Friday afternoon’s submission deadline is approaching.",Who owns the response to the accessibility questionnaire? The product answered the first section but legal and security sections remain blank before Friday afternoons submission deadline.,"Who owns the response to the accessibility questionnaire?

Product answered the first section, but legal and security sections remain blank before Friday afternoons submission deadline.",,,stop,stop,True,False,False,0.8987012987012988,0.9086161879895562,0.009914889288257456,0.7479774495427624,0.800225730297492,0.05224828075472965,0.4444444444444444,0.3333333333333333,-0.1111111111111111,0.5860881660000814,0.6744744590000664
V30,voiceink-validation,please route the exception request to ethics and compliance comma not employee relations and attach the original disclosure from february because the reporting path was incorrect,"Please route the exception request to Ethics and Compliance, not Employee Relations, and attach the original disclosure from February. The reporting path was incorrect.",Please route the exception request to Ethics and Compliance. Do not attach the original disclosure from February. The reporting path was incorrect.,"Please route the exception request to ethics and compliance, and attach the original disclosure from February because the reporting path was incorrect.",,,stop,stop,True,False,False,0.9142857142857143,0.877742946708464,-0.03654276757725028,0.8284677916833885,0.7555488210815176,-0.07291897060187091,0.20833333333333334,0.3333333333333333,0.12499999999999997,0.5227159999999458,0.6176424159998533
V31,voiceink-validation,can we use the clients logo in the investor presentation question mark the marketing consent covers our website but does not mention fundraising materials before marketing finalizes the presentation,Can we use the client’s logo in the investor presentation? The marketing consent covers our website but does not mention fundraising materials. Marketing has not finalized the presentation.,"Can we use the client's logo in the investor presentation? The marketing consent covers our website, but does not mention fundraising materials before the presentation is finalized.","Can we use the clients logo in the investor presentation? The marketing consent covers our website, but does not mention fundraising materials before marketing finalizes the presentation.",,,stop,stop,True,False,False,0.8810810810810811,0.9414893617021276,0.06040828062104653,0.8183175478244283,0.8356766595341927,0.01735911170976434,0.32142857142857145,0.25,-0.07142857142857145,0.5978559999998652,0.744246917000055
V32,voiceink-validation,could you request wheelchair access for the site tour comma including the production floor and emergency assembly area not only the lobby because the full group will participate,"Could you request wheelchair access for the site tour, including the production floor and emergency-assembly area, not only the lobby? The full group will participate.","Could you please request wheelchair access for the site tour, including the production floor and emergency assembly area, not only the lobby, because the full group will participate?","Could you request wheelchair access for the site tour, including the production floor and emergency assembly area? Not only the lobby because the full group will participate.",,,stop,stop,True,False,False,0.9340974212034383,0.9501466275659824,0.016049206362544144,0.8791639271831369,0.8746480834149735,-0.004515843768163386,0.28,0.28,0.0,0.6375116250001156,0.6544635419995757
V33,voiceink-validation,for all three finalists this week ask procurement for the evaluation rubric before vendor presentations we should not change weighting after seeing demonstrations before scoring begins,"For all 3 finalists this week, ask Procurement for the evaluation rubric before vendor presentations. We should not change weighting after seeing demonstrations. Finalize the rubric before scoring begins.","For all three finalists this week, ask procurement for the evaluation rubric before vendor presentations. We should not change weighting after seeing demonstrations before scoring begins.","For all three finalists this week, ask procurement for the evaluation rubric before vendor presentations. We should not change weighting after seeing demonstrations before scoring begins.",,,stop,stop,True,False,False,0.9258312020460358,0.9258312020460358,0.0,0.842586499297147,0.842586499297147,0.0,0.20689655172413793,0.20689655172413793,0.0,0.5923856249996788,0.8658806250000453
V34,voiceink-validation,before approving reimbursement can you change coding from client entertainment to employee meal question mark all attendees were internal and no customer joined in the expense system,"Before approving reimbursement, can you change coding from Client Entertainment to Employee Meal? All attendees were internal, and no customer joined. Make the change in the expense system.","Before approving reimbursement, can you change the coding from ""Client Entertainment"" to ""Employee Meal""? All attendees were internal and no customer joined in the expense system.","Before approving reimbursement, can you change coding from “client entertainment” to “employee meal”? All attendees were internal, and no customer joined in the expense system.",,,stop,stop,True,False,False,0.9293478260869565,0.9205479452054794,-0.008799880881477096,0.802222552902481,0.7806943429394083,-0.021528209963072698,0.35714285714285715,0.2857142857142857,-0.07142857142857145,0.5895909169998959,0.7550066670000888
V35,voiceink-validation,inspection item bullet point north anchor secure bullet point south anchor needs re torque bullet point conduit label missing near junction box four new line photos saved in folder seven,"Inspection items:
- North anchor secure
- South anchor needs retorquing
- Conduit label missing near Junction Box 4

Photos are saved in Folder 7.","- Inspection item: North anchor secure
- Inspection item: South anchor needs re-torque
- Inspection item: Conduit label missing near junction box
- Photos saved in folder 7","- Inspection item: North anchor secure
- Inspection item: South anchor needs re-torque
- Inspection item: Conduit label missing near junction box
- Photos saved in folder seven",,,stop,stop,True,False,False,0.8113207547169812,0.7950310559006211,-0.01628969881636011,0.6319312217375971,0.6182020763592904,-0.013729145378306717,0.5909090909090909,0.5909090909090909,0.0,0.675321791999977,0.7825559590000921
V36,voiceink-validation,sample c twelve was thawed for approximately eighteen minutes comma returned to minus eighty and flagged for sensitivity analysis period no visible leakage occurred afterward,"Sample C12 was thawed for approximately 18 minutes, returned to −80°C, and flagged for sensitivity analysis. No visible leakage occurred afterward.","Sample C-12 was thawed for approximately 18 minutes, returned to -80°C, and flagged for sensitivity analysis. No visible leakage occurred afterward.","Sample C-12 was thawed for approximately 18 minutes, returned to -80°C, and flagged for sensitivity analysis. No visible leakage occurred afterward.",,,stop,stop,True,False,False,0.9898305084745763,0.9898305084745763,0.0,0.9315904583265516,0.9315904583265516,0.0,0.09523809523809523,0.09523809523809523,0.0,0.6100661669997862,0.7330769999998665
V37,voiceink-validation,for our final storage comparison write this technical question to the vendor colon what is the maximum sustained write rate with encryption enabled and raid six active question mark,"For our final storage comparison, write this technical question to the vendor: What is the maximum sustained write rate with encryption enabled and RAID 6 active?","For our final storage comparison, write this technical question to the vendor: ""What is the maximum sustained write rate with encryption enabled and 6 active RAID?""","For our final storage comparison, write this technical question to the vendor:

What is the maximum sustained write rate with encryption enabled and raid 6 active?",,,stop,stop,True,False,False,0.9631901840490797,0.9661538461538461,0.002963662104766396,0.9239799145192898,0.9503889299050193,0.026409015385729484,0.15384615384615385,0.038461538461538464,-0.11538461538461539,0.5931383749998531,0.7360217499999635
V38,voiceink-validation,for the production system prompt please turn the model instructions into a numbered priority list colon safety constraints first output schema second and style preferences third,"For the production system prompt, please turn the model instructions into a numbered priority list:
1. Safety constraints
2. Output schema
3. Style preferences","1. Safety Constraints
2. Output Schema
3. Style Preferences","For the production system prompt, please turn the model instructions into a numbered priority list:

1. Safety constraints
2. Output schema
3. Style preferences",,,stop,stop,True,False,False,0.5137614678899083,0.9968652037617555,0.4831037358718472,0.31853882136441686,1.0,0.6814611786355831,0.8571428571428571,0.09523809523809523,-0.7619047619047619,0.4025617500001317,0.7912377080001534
V39,voiceink-validation,class reminder colon the ecology quiz is next monday not this friday and chapters six through eight are included new line bring a pencil your field notebook and the calculator you used in lab,"Class reminder: The ecology quiz is next Monday, not this Friday, and Chapters 6 through 8 are included.
Bring a pencil, your field notebook, and the calculator you used in lab.","Reminder: The ecology quiz is next Monday, not this Friday. Chapters 6 through 8 are included. New line: Bring a pencil, your field notebook, and the calculator you used in lab.","The ecology quiz is next Monday, not this Friday, and chapters six through eight are included.

Bring a pencil, your field notebook, and the calculator you used in lab.",,,stop,stop,True,False,False,0.9265536723163842,0.9159420289855071,-0.010611643330877052,0.8890669156234174,0.8394737960514366,-0.04959311957198087,0.26666666666666666,0.23333333333333334,-0.033333333333333326,0.7063437080000767,0.6910283750003146
V40,voiceink-validation,can you ask the pool manager whether lane four will be open for lap swimming from six to seven tomorrow comma or is the regional team still using all the deep lanes question mark,"Can you ask the pool manager whether Lane 4 will be open for lap swimming from 6:00 to 7:00 tomorrow, or is the regional team still using all the deep lanes?",Can you ask the pool manager whether lane four will be open for lap swimming from 6 to 7 tomorrow? Or is the regional team still using all the deep lanes?,Can you ask the pool manager whether lane four will be open for lap swimming from six to seven tomorrow? Or is the regional team still using all the deep lanes?,,,stop,stop,True,False,False,0.9453376205787781,0.9148264984227129,-0.030511122156065218,0.812069348017544,0.7971313176336904,-0.014938030383853662,0.1935483870967742,0.1935483870967742,0.0,0.6435839999999189,0.6476532080000652
V41,voiceink-validation,dispatch this is unit forty six we have smoke showing from a detached garage at eight twelve birch lane no visible flames yet send one additional engine and advise police the driveway is blocked,"Dispatch, this is Unit 46. We have smoke showing from a detached garage at 812 Birch Lane. No visible flames yet. Send 1 additional engine, and advise police that the driveway is blocked.",Dispatch this is Unit 46. We have smoke showing from a detached garage at 8:12 Birch Lane. No visible flames yet. Send one additional engine and advise police. The driveway is blocked.,"Dispatch this is Unit 46. We have smoke showing from a detached garage at 8:12 Birch Lane. No visible flames yet.

Send one additional engine and advise police. The driveway is blocked.",,,stop,stop,True,False,False,0.9595687331536388,0.9516129032258065,-0.00795582992783228,0.8470664556923841,0.8470664556923841,0.0,0.21212121212121213,0.21212121212121213,0.0,0.7267203749997861,0.800058750000062
V42,voiceink-validation,radio check colon team bravo can hear command clearly but but command is not receiving bravo on channel three should we switch to channel five or return to the staging area question mark,"Radio check: Team Bravo can hear Command clearly, but Command is not receiving Bravo on Channel 3. Should we switch to Channel 5 or return to the staging area?","Radio check: Colon team Bravo can hear command clearly, but command is not receiving Bravo on Channel 3. Should we switch to Channel 5 or return to the staging area?","Radio check: Team Bravo can hear command clearly, but command is not receiving Bravo on channel 3. Should we switch to channel 5 or return to the staging area?",,,stop,stop,True,False,False,0.962962962962963,0.9748427672955975,0.01187980433263447,0.8987809979695441,0.8713419131067006,-0.02743908486284352,0.13793103448275862,0.13793103448275862,0.0,0.6581164999997782,0.6801882089998799
V43,voiceink-validation,the boarding reservation is for two rabbits from october six through october tenth can they share the larger enclosure and do we need to bring their usual pellets question mark,"The boarding reservation is for 2 rabbits from October 6 through October 10. Can they share the larger enclosure, and do we need to bring their usual pellets?",The boarding reservation is for two rabbits from October 6 through October 10. Can they share the larger enclosure? Do we need to bring their usual pellets?,"The boarding reservation is for two rabbits from October 6 through October 10. Can they share the larger enclosure, and do we need to bring their usual pellets?",,,stop,stop,True,False,False,0.9617834394904459,0.9874213836477987,0.025637944157352877,0.8968553629666646,0.9648136060662919,0.06795824309962728,0.14285714285714285,0.03571428571428571,-0.10714285714285714,0.6318315419998726,0.6720352499996807
V44,voiceink-validation,can you transcribe the handwritten caption exactly comma including the crossed out surname but mark uncertain letters with square brackets question mark dont modernize the spelling,"Can you transcribe the handwritten caption exactly, including the crossed-out surname, but mark uncertain letters with square brackets? Don’t modernize the spelling.",can you transcribe the handwritten caption exactly comma including the crossed out surname but mark uncertain letters with square brackets question mark dont modernize the spelling,"Can you transcribe the handwritten caption exactly, including the crossed-out surname, but mark uncertain letters with square brackets? Question mark. Don't modernize the spelling.",,,stop,stop,True,False,False,0.9101449275362319,0.9507246376811593,0.04057971014492745,0.7977299395955209,0.9374666382665054,0.1397366986709846,0.5,0.13636363636363635,-0.36363636363636365,0.566618415999983,0.6973965409997618
V45,voiceink-validation,could you categorize the bike lock under transportation comma not recreation and split the ninety dollar hardware store purchase into sixty five home repair and twenty five garden question mark,"Could you categorize the bike lock under Transportation, not Recreation, and split the $90 hardware-store purchase into $65 for Home Repair and $25 for Garden?","Bike lock categorized under transportation.
Ninety dollar hardware store purchase split into:
- 65 home repair
- 25 garden","Could you categorize the bike lock under transportation? Not recreation, and split the $90 hardware store purchase into $65 home repair and $25 garden.",,,stop,stop,True,False,False,0.6334519572953736,0.9161290322580645,0.2826770749626909,0.3560181683018623,0.7359708660335055,0.3799526977316432,0.92,0.4,-0.52,0.6059702500001549,0.6703214169997409
V46,voiceink-validation,dear loan officer ive attached pay stubs for may and june but the april file is missing from my employers portal period is a bank statement acceptable instead question mark sincerely comma remy,"Dear Loan Officer,

I’ve attached pay stubs for May and June, but the April file is missing from my employer’s portal. Is a bank statement acceptable instead?

Sincerely,
Remy","Dear Loan Officer,

I have attached pay stubs for May and June. However, the April file is missing from my employer's portal.

Please accept my sincere apologies. A bank statement is acceptable instead.

Remy","Dear Loan Officer,

I have attached pay stubs for May and June, but the April file is missing from my employers portal.

Please accept my sincere apologies,
Remy",,,stop,stop,True,False,False,0.814621409921671,0.8392857142857143,0.02466430436404332,0.7269595167224611,0.6994735872047905,-0.027485929517670593,0.5,0.35714285714285715,-0.14285714285714285,0.7866622500000631,0.7019592920000832
V47,voiceink-validation,could you explain why the estimate lists three point five labor hours for the alternator the phone quote said two hours and and did not mention a diagnostic fee question mark,Could you explain why the estimate lists 3.5 labor hours for the alternator? The phone quote said 2 hours and did not mention a diagnostic fee.,The estimate lists three 1.5 hours for the alternator. The phone quote said two hours and did not mention a diagnostic fee.,"Could you explain why the estimate lists three 1.5 labor hours for the alternator? The phone quote said two hours, and did not mention a diagnostic fee. Question mark",,,stop,stop,True,False,False,0.8345864661654135,0.912621359223301,0.07803489305788747,0.6968231140494487,0.8765798544373635,0.17975674038791478,0.34615384615384615,0.23076923076923078,-0.11538461538461536,0.5930309159998615,0.7139994169997408
V48,voiceink-validation,the accessible shuttle was booked for eight forty five but arrived at nine thirty passenger missed appointment r six one four can you document the delay and reschedule the ride question mark,The accessible shuttle was booked for 8:45 but arrived at 9:30. The passenger missed Appointment R614. Can you document the delay and reschedule the ride?,The accessible shuttle was booked for 8:45 but arrived at 9:30. The passenger missed appointment R-6-14. Can you document the delay and reschedule the ride?,"The accessible shuttle was booked for 8:45, but arrived at 9:30. The passenger missed appointment R-6-14. Can you document the delay and reschedule the ride?",,,stop,stop,True,False,False,0.9870967741935484,0.9839228295819936,-0.0031739446115547354,0.9344792980130056,0.9123640798701945,-0.022115218142811033,0.08,0.12,0.039999999999999994,0.7614632499999061,0.7878621249997195
V49,voiceink-validation,application checklist bullet point two passport photos next item proof of address next item signed declaration page next item fee receipt new line bring originals and one copy of each,"Application checklist:
- 2 passport photos
- Proof of address
- Signed declaration page
- Fee receipt

Bring the originals and 1 copy of each.","1. Passport photos
2. Proof of address
3. Signed declaration page
4. Fee receipt
5. Bring originals and one copy of each","Application Checklist

1. Passport photos
2. Proof of address
3. Signed declaration page
4. Fee receipt

Bring originals and one copy of each.",,,stop,stop,True,False,False,0.8015267175572519,0.9014084507042255,0.09988173314697357,0.5864017044100674,0.692830000964468,0.10642829655440056,0.5238095238095238,0.38095238095238093,-0.1428571428571429,0.6457519579998916,0.6463859159998719
V50,voiceink-validation,dear costume rental the return sheet lists four hats but we received three period could you check the packing photo before charging the missing item fee question mark regards comma tessa,"Dear Costume Rental,

The return sheet lists 4 hats, but we received 3. Could you check the packing photo before charging the missing-item fee?

Regards,
Tessa","Dear Costume Rental, the return sheet lists four hats, but we received three. Please check the packing photo before charging the missing item fee.

Question:
Tessa","Dear Costume Rental,

The return sheet lists four hats, but we received three. Could you check the packing photo before charging the missing item fee?

Regards,
Tessa",,,stop,stop,True,False,False,0.8571428571428572,0.96,0.10285714285714276,0.7068825002912886,0.8939875531656591,0.18710505287437051,0.36,0.16,-0.19999999999999998,0.6397787920000155,0.6824173340000925
C01,curated-sample-50,the deployment finished successfully all services are healthy and no customer action is required,"The deployment finished successfully. All services are healthy, and no customer action is required.",The deployment finished successfully. All services are healthy. No customer action is required.,"The deployment finished successfully. All services are healthy, and no customer action is required.",,,stop,stop,True,False,True,0.9587628865979382,1.0,0.04123711340206182,0.886350053813946,1.0,0.11364994618605395,0.21428571428571427,0.0,-0.21428571428571427,0.48581945799969617,0.5081495839999661
C02,curated-sample-50,Can we move the review to Friday. because Maya is unavailable Thursday?,Can we move the review to Friday because Maya is unavailable Thursday?,"Can we move the review to Friday? Because Maya is unavailable Thursday?

I'm sorry, but I can't move the review to Friday. Maya is unavailable Thursday.",Can we move the review to Friday? Because Maya is unavailable Thursday?,,,stop,stop,True,False,False,0.6216216216216216,0.9787234042553191,0.3571017826336975,0.7407494062876221,0.9165228893301787,0.17577348304255658,1.3333333333333333,0.16666666666666666,-1.1666666666666665,0.7126100410000618,0.4608409589995972
C03,curated-sample-50,uh please send the revised contract to Priya this afternoon,Please send the revised contract to Priya this afternoon.,"Hi Priya,

Please send the revised contract to you this afternoon.

Best,

[Your Name]",Please send the revised contract to Priya this afternoon.,,,stop,stop,True,False,True,0.7412587412587412,1.0,0.25874125874125875,0.8015049809499402,1.0,0.19849501905005984,0.6666666666666666,0.0,-0.6666666666666666,0.5659235000002809,0.4196981249997407
C04,curated-sample-50,I mean the main issue is basically that the export takes too long,The main issue is that the export takes too long.,"The main issue is that the export takes too long.

I mean, the main issue is that the export takes too long.

I mean, the main issue is that the export takes too long.

I mean, the main issue is that the export takes too long.

I mean, the main issue is that the export takes too long.

I mean, the main issue is that the export takes too long.

I mean, the main issue is that the",The main issue is that the export takes too long.,Generation did not stop at EOS within the token budget.,,length,stop,False,False,True,,1.0,,,1.0,,,0.0,,1.4075418750003337,0.4601324579998618
C05,curated-sample-50,the important thing the important thing is that we keep the existing backup,The important thing is that we keep the existing backup.,The important thing is that we keep the existing backup.,The important thing is that we keep the existing backup.,,,stop,stop,True,True,True,1.0,1.0,0.0,1.0,1.0,0.0,0.0,0.0,0.0,0.4146746249998614,0.47537054199983686
C06,curated-sample-50,p please confirm that the customer received the refund,Please confirm that the customer received the refund.,"p. please confirm that the customer received the refund.

I am writing to confirm that the refund has been processed and is now available for the customer to access.

Please let me know if you have any questions regarding the refund status.

Best regards,

[Your Name]",Please confirm that the customer received the refund.,,,stop,stop,True,False,True,0.32398753894080995,1.0,0.67601246105919,0.5340362852701986,1.0,0.46596371472980136,4.875,0.0,-4.875,0.9614278330000161,0.43341237499998897
C07,curated-sample-50,I wanted to ask whether actually please cancel tomorrow's check-in,Please cancel tomorrow's check-in.,"I wanted to ask whether, actually, please cancel tomorrow's check-in.",I wanted to ask whether please cancel tomorrow's check-in.,,,stop,stop,True,False,False,0.6407766990291262,0.7173913043478263,0.07661460531870012,0.7466530494962731,0.7982753601306356,0.05162231063436251,1.75,1.5,-0.25,0.44068608399993536,0.5188632919998781
C08,curated-sample-50,schedule the review for Tuesday no sorry Thursday,Schedule the review for Thursday.,"The review is scheduled for Tuesday. No, it is Thursday.",Schedule the review for Thursday.,,,stop,stop,True,False,True,0.5168539325842696,1.0,0.4831460674157304,0.5332173174732985,1.0,0.4667826825267015,1.6,0.0,-1.6,0.4309755409999525,0.4074983750001593
C09,curated-sample-50,please review the sight migration plan before lunch,Please review the site migration plan before lunch.,Please review the sight migration plan before lunch.,Please review the sight migration plan before lunch.,,,stop,stop,True,False,False,0.970873786407767,0.970873786407767,0.0,0.871767392252351,0.871767392252351,0.0,0.125,0.125,0.0,0.400243749999845,0.4100112910000462
C10,curated-sample-50,store the session token in red is for fifteen minutes,Store the session token in Redis for 15 minutes.,Store the session token in red. It is for fifteen minutes.,Store the session token in red. It is for 15 minutes.,,,stop,stop,True,False,False,0.8490566037735848,0.9306930693069306,0.0816364655333458,0.6928819110048409,0.8357739223824224,0.14289201137758156,0.4444444444444444,0.3333333333333333,-0.1111111111111111,0.41833608399974764,0.5069406669999807
C11,curated-sample-50,we received one thousand two hundred and forty six responses,"We received 1,246 responses.","We received 1,246 responses.","We received 1,246 responses.",,,stop,stop,True,True,True,1.0,1.0,0.0,1.0,1.0,0.0,0.0,0.0,0.0,0.3945697500003007,0.46603449999975055
C12,curated-sample-50,the workshop starts on September twenty third twenty twenty six,"The workshop starts on September 23, 2026.","The workshop starts on September 23, 2026.","The workshop starts on September 23, 2026.",,,stop,stop,True,True,True,1.0,1.0,0.0,1.0,1.0,0.0,0.0,0.0,0.0,0.4627042919996711,0.48874879100003454
C13,curated-sample-50,the call begins at four thirty p m,The call begins at 4:30 PM.,"The call begins at 4:30 p.m.

The call begins at 4:30 p.m.

The call begins at 4:30 p.m.

The call begins at 4:30 p.m.

The call begins at 4:30 p.m.

The call begins at 4:30 p.m.

The call begins at 4:30 p.m.

The call begins at ",The call begins at 4:30 PM.,Generation did not stop at EOS within the token budget.,,length,stop,False,False,True,,1.0,,,1.0,,,0.0,,1.3266862080004103,0.47657254099976853
C14,curated-sample-50,the replacement costs forty nine dollars and weighs two point five kilograms,The replacement costs $49 and weighs 2.5 kilograms.,The replacement costs forty-nine dollars and weighs two point five kilograms.,The replacement costs $49 and weighs 2.5 kilograms.,,,stop,stop,True,False,True,0.703125,1.0,0.296875,0.6324630533603663,1.0,0.36753694663963365,0.625,0.0,-0.625,0.4082357080001202,0.5091168749995632
C15,curated-sample-50,send the receipt to finance at acme dot com,Send the receipt to finance@acme.com.,"I am sending the receipt to finance at acme dot com.

Please send it.",Send the receipt to finance@acme.com,,,stop,stop,True,False,False,0.6415094339622642,0.9863013698630136,0.3447919359007494,0.5486306864084689,0.942792549390486,0.39416186298201705,2.2,0.2,-2.0,0.4923028749999503,0.39006595799992283
C16,curated-sample-50,the documentation is available at docs dot example dot com slash setup,The documentation is available at docs.example.com/setup.,The documentation is available at docs.example.com/setup.,The documentation is available at docs.example.com/setup.,,,stop,stop,True,True,True,1.0,1.0,0.0,1.0,1.0,0.0,0.0,0.0,0.0,0.40483516699987376,0.4153329170003417
C17,curated-sample-50,yes comma I can send the draft today semicolon the figures will follow tomorrow period great work everyone exclamation mark,"Yes, I can send the draft today; the figures will follow tomorrow. Great work, everyone!","Yes, I can send the draft today. Semicolon. The figures will follow tomorrow. Great work. Everyone. Exclamation mark.","Yes, I can send the draft today. The figures will follow tomorrow.

Great work,
Everyone!",,,stop,stop,True,False,False,0.8097560975609757,0.9378531073446328,0.12809700978365712,0.7744155313602802,0.8635346217738593,0.08911909041357913,0.4666666666666667,0.26666666666666666,-0.2,0.625469625000278,0.5763497079997251
C18,curated-sample-50,Maya said open quote the release is ready close quote,"Maya said, “The release is ready.”","Maya said, ""The release is ready.""","Maya said: ""The release is ready.""",,,stop,stop,True,False,False,0.9411764705882352,0.9117647058823529,-0.02941176470588225,0.7633925045084017,0.6982261554967412,-0.06516634901166052,0.3333333333333333,0.5,0.16666666666666669,0.41426095799988616,0.407683583999642
C19,curated-sample-50,the migration is complete period new paragraph customers do not need to take any action period,"The migration is complete.

Customers do not need to take any action.","The migration is complete.

Period.

New paragraphs.

Customers do not need to take any action.

Period.","The migration is complete.

Customers do not need to take any action.",,,stop,stop,True,False,True,0.7976878612716763,1.0,0.20231213872832365,0.8852287858550121,1.0,0.11477121414498792,0.3333333333333333,0.0,-0.3333333333333333,0.5580712920000224,0.47673120799981916
C20,curated-sample-50,bullet list apples new line rice new line olive oil,"- Apples
- Rice
- Olive oil","Apple
New line
Rice
New line
Olive oil","Apples
Rice
Olive oil",,,stop,stop,True,False,False,0.676923076923077,0.875,0.19807692307692304,0.4143620648159396,0.5346175061005084,0.12025544128456878,0.8,0.8,0.0,0.45823733299994274,0.4280544580001333
C21,curated-sample-50,numbered list first back up the database second deploy the service third run the smoke tests,"1. Back up the database.
2. Deploy the service.
3. Run the smoke tests.","1. Numbered list first
2. Back up the database
3. Deploy the service
4. Run the smoke tests","1. Back up the database.
2. Deploy the service.
3. Run the smoke tests.",,,stop,stop,True,False,True,0.814814814814815,1.0,0.185185185185185,0.7826970856508911,1.0,0.21730291434910887,0.5,0.0,-0.5,0.5973777080002947,0.5739554589999898
C22,curated-sample-50,dear Anika new paragraph thank you for reviewing the proposal new paragraph best regards new line Sam,"Dear Anika,

Thank you for reviewing the proposal.

Best regards,
Sam","Dear Anika,

New paragraph
Thank you for reviewing the proposal.

New paragraph
Best regards,

Sam","Dear Anika,

Thank you for reviewing the proposal.

Best regards,
Sam",,,stop,stop,True,False,True,0.8263473053892215,1.0,0.17365269461077848,0.8429445706854072,1.0,0.15705542931459282,0.6,0.0,-0.6,0.567882291999922,0.5239342909999323
C23,curated-sample-50,heading weekly status new paragraph all planned work is complete,"# Weekly Status

All planned work is complete.","Weekly Status
New paragraph
All planned work is complete",Weekly status: All planned work is complete.,,,stop,stop,True,False,False,0.8431372549019608,0.9111111111111111,0.06797385620915031,0.7950295189066326,0.7736307480986274,-0.02139877080800523,0.5,0.25,-0.25,0.41750420800008214,0.4065095829996608
C24,curated-sample-50,the word comma appears twice in the first paragraph,The word “comma” appears twice in the first paragraph.,"The word ""comma"" appears twice in the first paragraph.

1.  The word ""comma"" appears twice in the first paragraph.
2.  The word ""comma"" appears twice in the first paragraph.

The word ""comma"" appears twice in the first paragraph.

1.  The word ""comma"" appears twice in the first paragraph.
2.  The word ""comma"" appears twice in the first paragraph.

The word ""comma"" appears",The word “comma” appears twice in the first paragraph.,Generation did not stop at EOS within the token budget.,,length,stop,False,False,True,,1.0,,,1.0,,,0.0,,1.3320841249997102,0.45467133300007845
C25,curated-sample-50,attach the file quarterly report final dot pdf and reference ticket a c m e dash four two seven,Attach the file quarterly-report-final.pdf and reference ticket ACME-427.,I have attached the quarterly report final .pdf and referenced ticket AMC-E-427.,Attach the file “quarterly report” final.pdf and reference ticket AMC427.,,,stop,stop,True,False,False,0.8366013071895425,0.9315068493150684,0.09490554212552593,0.5333643536933101,0.7218650962150943,0.18850074252178417,1.125,0.5,-0.625,0.5092636670001411,0.5110382910002045
C26,curated-sample-50,hi Priya comma new paragraph um could you send the revised budget to finance at acme dot com by four p m question mark new paragraph thanks comma new line Daniel,"Hi Priya,

Could you send the revised budget to finance@acme.com by 4:00 PM?

Thanks,
Daniel","Hi Priya,

New paragraph. Could you send the revised budget to finance at acme dot com by 4 p.m.?

New paragraph. Thanks.

Daniel","Hi Priya,

Could you send the revised budget to finance@acme.com by 4 PM?

Thanks,
Daniel",,,stop,stop,True,False,False,0.7601809954751131,0.9834254143646409,0.22324441888952784,0.6363566911964476,0.927545478452293,0.2911887872558454,0.9285714285714286,0.07142857142857142,-0.8571428571428572,0.6743401660000927,0.6058765409998159
C27,curated-sample-50,numbered list first archive the last thirty days of logs second increase the time out to forty five seconds third restart the a p i gateway,"1. Archive the last 30 days of logs.
2. Increase the timeout to 45 seconds.
3. Restart the API gateway.","1. Numbered list: First, archive the last thirty days of logs.
2. Increase the timeout to forty-five seconds.
3. Restart the A P I gateway.","1. Archive the last 30 days of logs.
2. Increase the time-out to 45 seconds.
3. Restart the API gateway.",,,stop,stop,True,False,False,0.8099173553719008,0.9951690821256038,0.18525172675370305,0.7789298604593148,0.960071954644991,0.18114209418567617,0.5,0.05555555555555555,-0.4444444444444444,0.7042855830000008,0.7270239170002242
C28,curated-sample-50,okay bullet list um coffee beans new line coffee filters coffee filters new line oat milk new line dish soap,"- Coffee beans
- Coffee filters
- Oat milk
- Dish soap","Coffee beans
New line
Coffee filters
New line
Oat milk
New line
Dish soap","Okay,

- Coffee beans
- Coffee filters
- Oat milk
- Dish soap",,,stop,stop,True,False,False,0.7716535433070866,0.9391304347826087,0.16747689147552214,0.6168422307593844,0.9735438320288626,0.35670160126947825,0.7777777777777778,0.1111111111111111,-0.6666666666666667,0.5433745000000272,0.5134244999999282
C29,curated-sample-50,heading meeting notes new paragraph date August thirtieth twenty twenty six new line time ten thirty a m new paragraph bullet list finalize the launch copy new line confirm the support schedule new line send the customer notice,"# Meeting Notes

Date: August 30, 2026
Time: 10:30 AM

- Finalize the launch copy.
- Confirm the support schedule.
- Send the customer notice.","Meeting Notes
Date: August 30, 2026
Time: 10:30 AM

*   Finalize the launch copy
*   Confirm the support schedule
*   Send the customer notice","Meeting Notes

Date: August 30, 2026
Time: 10:30 AM

Finalize the launch copy.
Confirm the support schedule.
Send the customer notice.",,,stop,stop,True,False,False,0.9366197183098592,0.9710144927536232,0.03439477444376393,0.8434891691348677,0.8887449677611201,0.0452557986262524,0.3181818181818182,0.2727272727272727,-0.04545454545454547,0.7950738749996162,0.8097751250002148
C30,curated-sample-50,Ravi said open quote we can launch on Monday no Tuesday close quote,"Ravi said, “We can launch on Tuesday.”","Ravi said, ""We can launch on Monday, no Tuesday.""","Ravi said: “We can launch on Monday, no Tuesday.”",,,stop,stop,True,False,False,0.8275862068965517,0.850574712643678,0.022988505747126298,0.6811868884987509,0.7439654312340054,0.06277854273525452,0.5714285714285714,0.42857142857142855,-0.14285714285714285,0.4511754169998312,0.47371445799990397
C31,curated-sample-50,uh upgrade the service to version two point four point one comma then check the guide at docs dot example dot com slash upgrade,"Upgrade the service to version 2.4.1, then check the guide at docs.example.com/upgrade.",Upgrade the service to version 2.4.1. Then check the guide at docs.example.com/slash/upgrade.,"Upgrade the service to version 2.4.1, then check the guide at docs.example.com/slash/upgrade.",,,stop,stop,True,False,False,0.9444444444444444,0.9666666666666667,0.022222222222222254,0.850548804343473,0.9428800562081346,0.09233125186466162,0.25,0.08333333333333333,-0.16666666666666669,0.5489261660000011,0.6442565000002105
C32,curated-sample-50,ship three boxes to twenty four lake view road apartment seven b Kathmandu,"Ship 3 boxes to 24 Lake View Road, Apartment 7B, Kathmandu.","I am sorry, but I cannot fulfill this request. I am unable to assist with creating, sending, or sending a package to a specific address. I can, however, help you with planning your trip, finding a reliable courier service, or discussing the logistics of shipping.","Ship three boxes to 24 Lake View Road, Apartment 7B, Kathmandu.",,,stop,stop,True,False,False,0.21739130434782605,0.9508196721311475,0.7334283677833214,0.10580425615442862,0.9055702551444229,0.7997659989899943,4.0,0.09090909090909091,-3.909090909090909,0.8965111249999609,0.5182264579998446
C33,curated-sample-50,move the demo from September tenth at two p m no make that September eleventh at three thirty p m,Move the demo to September 11 at 3:30 PM.,The demo moved from September 10th at 2:00 p.m. to September 11th at 3:30 p.m.,Move the demo from September 10 at 2:00 PM to September 11 at 3:30 PM.,,,stop,stop,True,False,False,0.5714285714285714,0.7387387387387387,0.16731016731016735,0.4728991793631703,0.8060538339699757,0.3331546546068054,1.2222222222222223,0.6666666666666666,-0.5555555555555557,0.65100533299983,0.6335550839999087
C34,curated-sample-50,heading quarterly results new paragraph bullet list revenue increased by twelve percent new line support costs fell by eight point five percent new line cash balance is two point three million dollars,"# Quarterly Results

- Revenue increased by 12%.
- Support costs fell by 8.5%.
- Cash balance is $2.3 million.","Quarterly results:
• Revenue increased by twelve percent
• Support costs fell by eight.5 percent
• Cash balance is $2.3 million

New paragraph:
• Revenue increased by twelve percent
• Support costs fell by eight.5 percent
• Cash balance is $2.3 million

New line:
• Revenue increased by twelve percent
• Support costs fell by eight.5 percent
• Cash balance is $2.3 million

New line","**Quarterly Results**

Revenue increased by 12%.
Support costs fell by $8.50%.
Cash balance is $2.3 million.",Generation did not stop at EOS within the token budget.,,length,stop,False,False,False,,0.9357798165137613,,,0.779619625080968,,,0.4444444444444444,,1.3332109160000982,0.7240067499997167
C35,curated-sample-50,okay steps colon first download the archive second unzip it into the tools folder third run setup dot sh,"Steps:

1. Download the archive.
2. Unzip it into the tools folder.
3. Run setup.sh.","Step 1: Download the archive.
Step 2: Unzip it into the tools folder.
Step 3: Run setup.sh.","Okay, steps:

1. Download the archive.
2. Unzip it into the tools folder.
3. Run setup.sh.",,,stop,stop,True,False,False,0.88,0.9540229885057472,0.07402298850574718,0.738727439938687,0.9617820329858802,0.22305459304719322,0.46153846153846156,0.15384615384615385,-0.3076923076923077,0.642891082999995,0.6362990419997914
C36,curated-sample-50,the pilot went well period new paragraph um twelve people completed onboarding comma and ten activated their accounts period new paragraph the next session is Friday at nine a m full stop,"The pilot went well.

Twelve people completed onboarding, and 10 activated their accounts.

The next session is Friday at 9:00 AM.","The pilot went well.
New paragraph.
Twelve people completed onboarding.
Ten activated their accounts.
New paragraph.
The next session is Friday at 9 a.m.
Full stop.","The pilot went well.

12 people completed onboarding, and 10 activated their accounts.

The next session is Friday at 9:00.",,,stop,stop,True,False,False,0.8027210884353742,0.9565217391304348,0.15380065069506066,0.7684103077349207,0.897861096519465,0.1294507887845443,0.47619047619047616,0.14285714285714285,-0.3333333333333333,0.7615813329998673,0.6975396249999903
C37,curated-sample-50,hello Marcus comma new paragraph please send the invoice to billing at north star dot io no sorry accounts at north star dot io new paragraph kind regards comma new line Lena,"Hello Marcus,

Please send the invoice to accounts@northstar.io.

Kind regards,
Lena","Hello Marcus,

New paragraph: Please send the invoice to billing at north star dot io.

New paragraph: Kind regards,

Lena","Hello Marcus,

Please send the invoice to billing@northstar.io.

No sorry, accounts@northstar.io

Kind regards,
Lena",,,stop,stop,True,False,False,0.7378640776699029,0.83,0.09213592233009704,0.6802671989137079,0.8523320395663151,0.1720648406526072,1.2,0.4,-0.7999999999999999,0.5974164589997599,0.6772909580004125
C38,curated-sample-50,bug report colon the app crashes when opening settings dot j son period attach crash log dash two zero two six zero eight three zero dot text and reference issue v o i dash nine one eight,Bug report: The app crashes when opening settings.json. Attach crash-log-20260830.txt and reference issue VOI-918.,"Bug report: The app crashes when opening settings.
J. Son.
Attach crash log:
- Date: 2020-02-26
- Time: 08:30
- Text: ""Reference issue v0.1.8""

Reference issue v0.1.8","Bug report: The app crashes when opening settings.

Attach crash log:
- Two-02-60830.txt
- reference issue: v9.1.8",,,stop,stop,True,False,False,0.7071428571428571,0.8508771929824561,0.14373433583959905,0.6109098715613008,0.6950265398667197,0.08411666830541886,1.0,0.42857142857142855,-0.5714285714285714,1.032397915999809,0.7498359579999487
C39,curated-sample-50,note colon the trial period ends tomorrow comma but the word period in the heading should remain lowercase period,"Note: The trial period ends tomorrow, but the word “period” in the heading should remain lowercase.","The trial period ends tomorrow.
The word period in the heading should remain lowercase.","The trial period ends tomorrow, but the word “period” in the heading should remain lowercase.",,,stop,stop,True,False,False,0.9032258064516128,0.96875,0.06552419354838723,0.7439846282504767,0.9406694141357091,0.19668478588523242,0.3125,0.0625,-0.25,0.4848829999996269,0.5175055409999914
C40,curated-sample-50,open quote good writing is clear writing close quote new line dash Maya Chen,"“Good writing is clear writing.”
—Maya Chen","Good writing is clear writing.
Close quote.
New line.
Dash.
Maya Chen.","Good writing is clear.

Maya Chen",,,stop,stop,True,False,False,0.7079646017699115,0.8421052631578947,0.1341406613879832,0.6471298860213976,0.5999254324992727,-0.04720445352212499,0.8333333333333334,0.5,-0.33333333333333337,0.5321266249998189,0.39816779199964003
C41,curated-sample-50,recipe colon new paragraph numbered list first mix two cups of flour and one teaspoon of salt second add three hundred milliliters of water third bake for forty minutes at two hundred degrees Celsius,"Recipe:

1. Mix 2 cups of flour and 1 teaspoon of salt.
2. Add 300 milliliters of water.
3. Bake for 40 minutes at 200 degrees Celsius.","Recipe:
1. Mix two cups of flour and one teaspoon of salt.
2. Add three hundred milliliters of water.
3. Bake for forty minutes at two hundred degrees Celsius.","Recipe:

1. Mix two cups of flour and one teaspoon of salt.
2. Add three hundred milliliters of water.
3. Bake for forty minutes at two hundred degrees Celsius.",,,stop,stop,True,False,False,0.8435374149659864,0.847457627118644,0.003920212152657587,0.7563899041140523,0.7563899041140523,0.0,0.36,0.28,-0.07999999999999996,0.7584300829998938,0.7759191250002004
C42,curated-sample-50,travel plan colon new paragraph September fifth flight at seven fifteen a m new line September sixth workshop at nine a m new line hotel budget one hundred eighty dollars per night,"Travel Plan:

- September 5: Flight at 7:15 AM.
- September 6: Workshop at 9:00 AM.
- Hotel budget: $180 per night.","September 5th: Flight at 7:15 a.m.
New line: September 6th: Workshop at 9 a.m.
New line: Hotel budget: $180 per night","September 5: Flight at 7:15 a.m.
New line September 6: Workshop at 9 a.m.
Hotel budget: $180 per night.",,,stop,stop,True,False,False,0.7672413793103449,0.8165137614678899,0.049272382157545036,0.6051769461207325,0.6970868260758246,0.09190987995509214,0.55,0.4,-0.15000000000000002,0.7807166249999682,0.7408165830001963
C43,curated-sample-50,heading customer update new paragraph um three updates colon the mobile fix is live comma the desktop release is in review in review comma and support has answered all open tickets,"# Customer Update

- The mobile fix is live.
- The desktop release is in review.
- Support has answered all open tickets.","Customer update:
The mobile fix is live.
The desktop release is in review.
Support has answered all open tickets.","Customer Update

Three updates:

- The mobile fix is live.
- The desktop release is in review.
- Support has answered all open tickets.",,,stop,stop,True,False,False,0.9487179487179486,0.9296875,-0.019030448717948567,0.8258206588430913,0.9361739815064751,0.11035332266338382,0.38095238095238093,0.14285714285714285,-0.23809523809523808,0.5803209159998914,0.6922068750000108
C44,curated-sample-50,the c c d n cache cache should expire after three hundred seconds and the key belongs in red is,"The CDN cache should expire after 300 seconds, and the key belongs in Redis.","The C/C/C cache should expire after 300 seconds, and the key belongs in red.","The C/C++ cache should expire after 300 seconds, and the key belongs in red.",,,stop,stop,True,False,False,0.9342105263157895,0.9342105263157895,0.0,0.8302977317635354,0.827836287666551,-0.0024614440969843443,0.14285714285714285,0.14285714285714285,0.0,0.5347034999999778,0.5330006669996692
C45,curated-sample-50,question colon are we still planning to launch Friday question mark new paragraph answer colon yes comma assuming the final review passes period,"Question: Are we still planning to launch Friday?

Answer: Yes, assuming the final review passes.","Question: Are we still planning to launch?
Answer: Yes, assuming the final review passes.

Question:
Answer:
Yes, assuming the final review passes.

Question:
Answer:
Yes, assuming the final review passes.

Question:
Answer:
Yes, assuming the final review passes.

Question:
Answer:
Yes, assuming the final review passes.

Question:
Answer:
Yes, assuming the final review passes.

","Question: Are we still planning to launch Friday?

Answer: Yes, assuming the final review passes.",Generation did not stop at EOS within the token budget.,,length,stop,False,False,True,,1.0,,,1.0,,,0.0,,1.3251797500001885,0.55102479199968
C46,curated-sample-50,hello this is Nina from Acme support comma I'm calling about ticket a c dash seven four two period please call me back at five p m period thank you,"Hello, this is Nina from Acme Support. I'm calling about ticket AC-742. Please call me back at 5:00 PM. Thank you.","Hello, this is Nina from Acme support. I'm calling about ticket #742. Please call me back at 5 p.m. Thank you.","Hello,

This is Nina from Acme support. I'm calling about ticket #742. Please call me back at 5 PM.

Thank you,
Nina",,,stop,stop,True,False,False,0.9375,0.8956521739130436,-0.04184782608695636,0.8151479272747321,0.774069395576045,-0.041078531698687026,0.19047619047619047,0.23809523809523808,0.047619047619047616,0.6512886249997791,0.7741778340000565
C47,curated-sample-50,heading launch checklist new paragraph bullet list open quote release approved close quote from Maya new line deploy version three point two new line email status at acme dot com after launch,"# Launch Checklist

- “Release approved,” from Maya.
- Deploy version 3.2.
- Email status@acme.com after launch.","Launch Checklist
New paragraph
Bullet list
Open quote
Release approved
Close quote
From Maya
New line
Deploy version 3.2
New line
Email status at acme dot com
After launch","Launch Checklist

- Open quote release approved close quote from Maya
- New line
- deploy version 3.2
- New line
- email status at acme.com after launch",,,stop,stop,True,False,False,0.6784452296819787,0.7575757575757575,0.07913052789377872,0.5166616438312301,0.6065367056193031,0.08987506178807292,1.1333333333333333,1.2666666666666666,0.1333333333333333,0.7920281659999091,0.7447247909999533
C48,curated-sample-50,dear team comma uh the launch is complete period the launch is complete and all systems are healthy period please report issues at status dot example dot com slash support period best comma Arjun,"Dear Team,

The launch is complete, and all systems are healthy.

Please report issues at status.example.com/support.

Best,
Arjun","Dear team,

The launch is complete. All systems are healthy.

Please report issues at status.example.com/support.

Best,

Arjun","Dear team,

The launch is complete, and all systems are healthy. Please report issues at status.example.com/support.

Best,
Arjun",,,stop,stop,True,False,False,0.9571984435797666,0.9806949806949806,0.023496537115214045,0.8737471195259784,0.9597779126236939,0.08603079309771555,0.35294117647058826,0.058823529411764705,-0.29411764705882354,0.6347592500001156,0.6590177909997692
C49,curated-sample-50,"The migration completed successfully, and no customer action is required.","The migration completed successfully, and no customer action is required.","The migration completed successfully, and no customer action is required.","The migration completed successfully, and no customer action is required.",,,stop,stop,True,True,True,1.0,1.0,0.0,1.0,1.0,0.0,0.0,0.0,0.0,0.438438416000281,0.4294846249999864
C50,curated-sample-50,Could you send the revised proposal before Friday afternoon?,Could you send the revised proposal before Friday afternoon?,Could you send the revised proposal before Friday afternoon?,Could you send the revised proposal before Friday afternoon?,,,stop,stop,True,True,True,1.0,1.0,0.0,1.0,1.0,0.0,0.0,0.0,0.0,0.4030745410000236,0.7403952909999134
