case_id,dataset_id,dataset_name,source_record_id,source_index,model_id,model_name,input,reference,output,error,context_source,exact_match,edit_similarity,chrf,wer,length_ratio,input_tokens,output_tokens,generation_seconds,tokens_per_second
V01,voiceink-validation,VoiceInk validation sample,59,59,old-cleanup-0.8b,Old Cleanup 0.8B (Aug 1 checkpoint),mina where should i return the folding chairs the parish hall or the sports pavilion question mark and who has the storage key i can go tomorrow,"Mina, where should I return the folding chairs, the parish hall or the sports pavilion? And who has the storage key? I can go tomorrow.","Minia, where should I return the folding chairs? The parish hall or the sports pavilion?

Question mark and who has the storage key? I can go tomorrow.",,dataset_system_prompt,False,0.923076923076923,0.8703137018704039,0.24,1.1185185185185185,102,35,1.6736122920001435,20.912848314570695
V02,voiceink-validation,VoiceInk validation sample,67,67,old-cleanup-0.8b,Old Cleanup 0.8B (Aug 1 checkpoint),message to dev colon the freezer door looks shut but it isnt sealing comma so push it until you hear two clicks not one full stop,"Message to Dev: The freezer door looks shut, but it isn’t sealing, so push it until you hear 2 clicks, not one.","Message to Dev: The freezer door looks shut but it isn't sealing. Push it until you hear two clicks, not one full stop.",,dataset_system_prompt,False,0.8956521739130436,0.7614844791671005,0.4090909090909091,1.072072072072072,100,28,0.5609834169999885,49.91234883508254
V03,voiceink-validation,VoiceInk validation sample,113,113,old-cleanup-0.8b,Old Cleanup 0.8B (Aug 1 checkpoint),dear ken we heard about your new house period may we visit next sunday around tea time question mark warm wishes comma lou and fay,"Dear Ken,

We heard about your new house. May we visit next Sunday around teatime?

Warm wishes,
Lou and Fay","Dear Ken, we heard about your new house. May we visit next Sunday around tea time? Warm wishes, Lou and Fay.",,dataset_system_prompt,False,0.9444444444444444,0.9312505492138318,0.3157894736842105,1.0,100,26,0.5536691249999421,46.959454349206695
V04,voiceink-validation,VoiceInk validation sample,213,213,old-cleanup-0.8b,Old Cleanup 0.8B (Aug 1 checkpoint),can the taxi take four passengers plus a folding wheelchair and two medium cases or should we request a larger car question mark for the airport run,"Can the taxi take 4 passengers, a folding wheelchair, and 2 medium cases, or should we request a larger car for the airport run?",Can the taxi take four passengers plus a folding wheelchair and two medium cases or should we request a larger car for the airport run?,,dataset_system_prompt,False,0.935361216730038,0.801849993870417,0.25,1.0546875,101,26,0.5431913749998785,47.86526663831107
V05,voiceink-validation,VoiceInk validation sample,426,426,old-cleanup-0.8b,Old Cleanup 0.8B (Aug 1 checkpoint),before the guests arrive saturday morning comma separate the white laundry wash the towels at sixty and hang the linen shirts instead of machine drying them,"Before the guests arrive Saturday morning, separate the white laundry, wash the towels at 60 degrees, and hang the linen shirts instead of machine-drying them.","Before the guests arrive, Saturday morning, separate the white laundry. Wash the towels at sixty and hang the linen shirts instead of machine drying them.",,dataset_system_prompt,False,0.9329073482428114,0.8097014954314176,0.28,0.9685534591194969,101,29,0.5888965419999295,49.24464304292599
V06,voiceink-validation,VoiceInk validation sample,465,465,old-cleanup-0.8b,Old Cleanup 0.8B (Aug 1 checkpoint),dear neighbors please collect your post from the lower lobby shelf by friday evening period anything remaining there will move to reception before mondays delivery,"Dear Neighbors,

Please collect your post from the lower lobby shelf by Friday evening. Anything remaining there will move to Reception before Monday’s delivery.","Dear neighbors, please collect your post from the lower lobby shelf by Friday evening. Anything remaining there will be moved to reception before Monday's delivery.",,dataset_system_prompt,False,0.9538461538461537,0.8254122527719122,0.25,1.0186335403726707,101,29,0.5856325419999848,49.5191061291822
V07,voiceink-validation,VoiceInk validation sample,582,582,old-cleanup-0.8b,Old Cleanup 0.8B (Aug 1 checkpoint),support closed the incident at eleven forty p m utc service had been stable since ten oh five and monitoring continued overnight with the incident commander remaining on call,"Support closed the incident at 11:40 PM UTC. Service had been stable since 10:05, and monitoring continued overnight. The Incident Commander remained on call.",Support closed the incident at 11:40 p.m. UTC. Service had been stable since 10:05 p.m. Monitoring continued overnight with the incident commander remaining on call.,,dataset_system_prompt,False,0.8978328173374613,0.7523859412008216,0.4166666666666667,1.0443037974683544,103,41,0.6992311660001178,58.635830314224144
V08,voiceink-validation,VoiceInk validation sample,650,650,old-cleanup-0.8b,Old Cleanup 0.8B (Aug 1 checkpoint),the sales manager approved the five percent discount but not the free implementation package shown in the latest quote despite a separate verbal concession request,"The Sales manager approved the 5% discount, but not the free implementation package shown in the latest quote. A separate verbal concession request remains unapproved.","The sales manager approved a five percent discount but not the free implementation package shown in the latest quote, despite a separate verbal concession request.",,dataset_system_prompt,False,0.8484848484848484,0.7280795769756885,0.44,0.9760479041916168,99,27,0.5218076249998376,51.743207087110704
V09,voiceink-validation,VoiceInk validation sample,948,948,old-cleanup-0.8b,Old Cleanup 0.8B (Aug 1 checkpoint),why did the nightly pipe line finish green even though the schema validation step logged seventeen errors is continue on error set somewhere question mark,Why did the nightly pipeline finish green even though the schema validation step logged 17 errors? Is continue-on-error set somewhere?,Why did the nightly pipeline finish green even though the schema validation step logged seventeen errors? Is it continuing on error set somewhere?,,dataset_system_prompt,False,0.9214285714285715,0.8558843758789592,0.25,1.0895522388059702,99,25,0.5311560420000205,47.06714792486354
V10,voiceink-validation,VoiceInk validation sample,1001,1001,old-cleanup-0.8b,Old Cleanup 0.8B (Aug 1 checkpoint),please shorten the permission dialog it currently says in order to continue we need to be able to access your microphone period keep the reason visible though,"Please shorten the permission dialog. It currently says, “In order to continue, we need to be able to access your microphone.” Keep the reason visible, though.",Please shorten the permission dialog to continue. We need to be able to access your microphone. Keep the reason visible.,,dataset_system_prompt,False,0.8458781362007168,0.6765817965169388,0.4230769230769231,0.7547169811320755,101,23,0.507043290999718,45.36101829619276
V11,voiceink-validation,VoiceInk validation sample,1107,1107,old-cleanup-0.8b,Old Cleanup 0.8B (Aug 1 checkpoint),the search index skipped records with emoji in the title reprocessing succeeds after unicode normalization form c is applied period existing records need back filling,The search index skipped records with emoji in the title. Reprocessing succeeds after Unicode Normalization Form C is applied. Existing records need backfilling.,The search index skipped records with emojis in the title. Reprocessing succeeds after Unicode normalization. Form C is applied. Existing records need backfilling.,,dataset_system_prompt,False,0.9876543209876543,0.9195698719191442,0.08695652173913043,1.0124223602484472,100,30,0.5852881249998063,51.256806209779036
V12,voiceink-validation,VoiceInk validation sample,1111,1111,old-cleanup-0.8b,Old Cleanup 0.8B (Aug 1 checkpoint),paragraph break the tablet layout is usable in portrait period in landscape the sticky footer overlaps the final form field by twenty four pixels period rotation does not recalculate it,"The tablet layout is usable in portrait. In landscape, the sticky footer overlaps the final form field by 24 pixels. Rotation does not recalculate it.","The tablet layout is usable in portrait mode. In landscape mode, the sticky footer overlaps the final form field by 24 pixels. Rotation does not recalculate.",,dataset_system_prompt,False,0.9576547231270358,0.9266417185260976,0.24,1.0466666666666666,105,33,0.6232521249999081,52.94807458539329
V13,voiceink-validation,VoiceInk validation sample,1211,1211,old-cleanup-0.8b,Old Cleanup 0.8B (Aug 1 checkpoint),can you check whether the variance calculation uses n or n minus one results differ from the published table by point zero three before correcting the published appendix,Can you check whether the variance calculation uses n or n−1? Results differ from the published table by 0.03. Check this before correcting the published appendix.,Can you check whether the variance calculation uses n or n-1 results differ from the published table by 0.3 before correcting the published appendix?,,dataset_system_prompt,False,0.9358974358974359,0.8223675230464557,0.23076923076923078,0.9141104294478528,102,30,0.5947980830001143,50.43728427751882
V14,voiceink-validation,VoiceInk validation sample,1257,1257,old-cleanup-0.8b,Old Cleanup 0.8B (Aug 1 checkpoint),during the quarterly structural survey inspection at pier two found minor scaling above the water line comma no exposed reinforcement and no measurable change since march,"During the quarterly structural survey, inspection at Pier 2 found minor scaling above the waterline, no exposed reinforcement, and no measurable change since March.","During the quarterly structural survey inspection at Pier Two, minor scaling was found above the water line. No exposed reinforcement was detected, and no measurable change was observed since March.",,dataset_system_prompt,False,0.859504132231405,0.780104442821791,0.5416666666666666,1.2,100,34,0.6107095830002436,55.672943321058774
V15,voiceink-validation,VoiceInk validation sample,1368,1368,old-cleanup-0.8b,Old Cleanup 0.8B (Aug 1 checkpoint),thirty minute discharge test reading colon battery bank voltage was twenty five point six at rest comma then dropped to twenty two point nine under inverter load,"30-minute discharge-test reading: Battery-bank voltage was 25.6 at rest, then dropped to 22.9 under inverter load.","Thirty-minute discharge test reading:
- Colon battery bank voltage at rest: 25.6 V
- Under inverter load: 22.9 V",,dataset_system_prompt,False,0.7079646017699115,0.5223198321203212,1.0,0.9824561403508771,103,34,0.6282085409998217,54.12215495492547
V16,voiceink-validation,VoiceInk validation sample,1396,1396,old-cleanup-0.8b,Old Cleanup 0.8B (Aug 1 checkpoint),dear nina before the accessibility review meeting note that the attached screen reader transcript timestamps correspond to build one eighty four not the latest beta,"Dear Nina,

Before the accessibility-review meeting, note that the attached screen-reader transcript timestamps correspond to Build 184, not the latest beta.","Dear Nina,

Before the accessibility review meeting, I am attaching the screen reader transcript. The timestamps correspond to Build 1.84, not the latest beta.",,dataset_system_prompt,False,0.9050632911392404,0.7507393330848257,0.47619047619047616,1.0127388535031847,101,34,0.6104995409996263,55.692097563789666
V17,voiceink-validation,VoiceInk validation sample,1605,1605,old-cleanup-0.8b,Old Cleanup 0.8B (Aug 1 checkpoint),dear garden club saturdays seed swap moves indoors to room four because rain is likely period label packets with variety and harvest year cheers comma monica,"Dear Garden Club,

Saturday’s seed swap moves indoors to Room 4 because rain is likely. Label packets with the variety and harvest year.

Cheers,
Monica","Dear Garden Club,
Saturdays seed swap moves indoors to Room 4 because rain is likely.
Label packets with variety and harvest year.
Cheers,
Monica",,dataset_system_prompt,False,0.9696969696969697,0.9246787582623088,0.2916666666666667,0.9539473684210527,103,35,0.6663061659996856,52.528404787441985
V18,voiceink-validation,VoiceInk validation sample,1616,1616,old-cleanup-0.8b,Old Cleanup 0.8B (Aug 1 checkpoint),event recap colon one hundred eighty four attendees checked in and seventeen walk ins paid at the door period the west room session filled first but but no one was turned away,"Event recap: 184 attendees checked in, and 17 walk-ins paid at the door. The West Room session filled first, but no one was turned away.","184 attendees checked in. 17 walk-ins paid at the door. The West Room session filled first, but no one was turned away.",,dataset_system_prompt,False,0.9254901960784313,0.8554276602248106,0.16,0.875,106,31,0.5842808750003314,53.056674155186776
V19,voiceink-validation,VoiceInk validation sample,1711,1711,old-cleanup-0.8b,Old Cleanup 0.8B (Aug 1 checkpoint),our pickup window was one to three and and no driver came can you reschedule for tomorrow morning without creating a second charge question mark there are seven boxes,"Our pickup window was 1:00 to 3:00, and no driver came. Can you reschedule for tomorrow morning without creating a second charge? There are 7 boxes.",Our pickup window is one to three. No driver came. Can you reschedule for tomorrow morning? Without creating a second charge question mark. There are seven boxes.,,dataset_system_prompt,False,0.8322580645161292,0.7079083537827741,0.4230769230769231,1.0945945945945945,104,33,0.6215953749997425,53.0891980977395
V20,voiceink-validation,VoiceInk validation sample,1826,1826,old-cleanup-0.8b,Old Cleanup 0.8B (Aug 1 checkpoint),lock report colon rear office lever sticks when pulled upward latch works from inside but but key rotation outside stops halfway do not force it,"Lock report: The rear-office lever sticks when pulled upward. The latch works from inside, but key rotation outside stops halfway. Do not force it.",Lock report: Rear office lever sticks when pulled upward. Latch works from inside but key rotation outside stops halfway. Do not force it.,,dataset_system_prompt,False,0.9473684210526316,0.8329325293646995,0.20833333333333334,0.9387755102040817,99,28,0.5774166659998627,48.49184592120286
V21,voiceink-validation,VoiceInk validation sample,57,57,old-cleanup-0.8b,Old Cleanup 0.8B (Aug 1 checkpoint),please ask the bus station whether the midnight coach has under floor luggage storage and um whether bicycles need a separate reservation question mark for next friday night,Please ask the bus station whether the midnight coach has underfloor luggage storage and whether bicycles need a separate reservation for next Friday night.,Please ask the bus station whether the midnight coach has under-floor luggage storage and whether bicycles need a separate reservation for next Friday night.,,dataset_system_prompt,False,0.9968051118210862,0.9689607622064027,0.041666666666666664,1.0064102564102564,102,26,0.529111291999925,49.13900042035709
V22,voiceink-validation,VoiceInk validation sample,550,550,old-cleanup-0.8b,Old Cleanup 0.8B (Aug 1 checkpoint),ask operations why the overnight shipment went to phoenix instead of tucson comma include tracking number nine three six zero zero one and request a corrected delivery estimate,"Ask Operations why the overnight shipment went to Phoenix instead of Tucson, include tracking number 936001, and request a corrected delivery estimate.",Asks operations why the overnight shipment went to Phoenix instead of Tucson. Include tracking number 936-0001 and request a corrected delivery estimate.,,dataset_system_prompt,False,0.9671052631578947,0.8508481395506061,0.22727272727272727,1.0132450331125828,103,33,0.6278388340001584,52.56125969422222
V23,voiceink-validation,VoiceInk validation sample,629,629,old-cleanup-0.8b,Old Cleanup 0.8B (Aug 1 checkpoint),the budget deck accidentally labels fiscal year twenty twenty six as calendar year twenty twenty six period the underlying numbers are fiscal and the footnote uses the same incorrect label,The budget deck accidentally labels fiscal year 2026 as calendar year 2026. The underlying numbers are fiscal-year figures. The footnote uses the same incorrect label.,"The budget deck accidentally labels fiscal year 2026 as the calendar year 2026 period. The underlying numbers are fiscal, and the footnote uses the same incorrect label.",,dataset_system_prompt,False,0.9107142857142857,0.8362468363805271,0.24,1.0119760479041917,104,38,0.668156541999906,56.87289970440092
V24,voiceink-validation,VoiceInk validation sample,652,652,old-cleanup-0.8b,Old Cleanup 0.8B (Aug 1 checkpoint),the monday notes should say decision deferred pending tax advice comma not decision denied and the follow up owner is casey from treasury before circulating the revised record,"The Monday notes should say, “Decision deferred pending tax advice,” not “Decision denied,” and the follow-up owner is Casey from Treasury. Circulate the revised record afterward.","The Monday notes should say ""decision deferred pending tax advice"" and not ""decision denied."" The follow-up owner is Casey from Treasury before circulating the revised record.",,dataset_system_prompt,False,0.8587570621468926,0.7065446087362008,0.5,0.9776536312849162,103,32,0.5912159159997827,54.12574177047656
V25,voiceink-validation,VoiceInk validation sample,658,658,old-cleanup-0.8b,Old Cleanup 0.8B (Aug 1 checkpoint),the service report lists priority one downtime as forty eight minutes the incident timeline supports only thirty eight because monitoring recovered earlier and customer success disputes the longer figure,The service report lists Priority 1 downtime as 48 minutes. The incident timeline supports only 38 minutes because monitoring recovered earlier. Customer Success disputes the longer figure.,"The service report lists priority one downtime as 48 minutes. The incident timeline supports only 38 minutes, because monitoring recovered earlier and customer success disputes the longer figure.",,dataset_system_prompt,False,0.9583333333333335,0.8570319235616769,0.25925925925925924,1.0317460317460319,103,35,0.6407677090001016,54.62197846176804
V26,voiceink-validation,VoiceInk validation sample,669,669,old-cleanup-0.8b,Old Cleanup 0.8B (Aug 1 checkpoint),the investigation scope covers expense approvals from january through april it does not include vendor selection or contract negotiation unless new evidence expands the review,The investigation scope covers expense approvals from January through April. It does not include vendor selection or contract negotiation. New evidence could expand the review.,The investigation scope covers expense approvals from January through April. It does not include vendor selection or contract negotiation unless new evidence expands the review.,,dataset_system_prompt,False,0.9518413597733713,0.8836023501462565,0.2,1.0056818181818181,100,27,0.544365000000198,49.59907415059781
V27,voiceink-validation,VoiceInk validation sample,704,704,old-cleanup-0.8b,Old Cleanup 0.8B (Aug 1 checkpoint),following the latest litigation update the controller approved a two hundred fifty thousand reserve comma subject to receiving counsels final estimate before close by noon tomorrow,"Following the latest litigation update, the Controller approved a $250,000 reserve, subject to receiving counsel’s final estimate before close. Counsel’s estimate is due by noon tomorrow.","Following the latest litigation update, the controller approved a reserve of $250,000, subject to receiving counsel's final estimate before close by noon tomorrow.",,dataset_system_prompt,False,0.8571428571428572,0.7420321335723352,0.38461538461538464,0.8716577540106952,102,34,0.6352480420000575,53.522400309888596
V28,voiceink-validation,VoiceInk validation sample,811,811,old-cleanup-0.8b,Old Cleanup 0.8B (Aug 1 checkpoint),would you send the customer the maintenance window in both eastern and greenwich mean time comma make clear that service may be intermittent before the maintenance notice is translated,"Would you send the customer the maintenance window in both Eastern Time and Greenwich Mean Time, and make clear that service may be intermittent? The maintenance notice will be translated afterward.",Would you send the customer the maintenance window in both Eastern and Greenwich Mean Time? Make sure to clarify that service may be intermittent before the maintenance notice is translated.,,dataset_system_prompt,False,0.865979381443299,0.7327145568021919,0.41935483870967744,0.9595959595959596,104,32,0.6087084999999206,52.57031896220305
V29,voiceink-validation,VoiceInk validation sample,813,813,old-cleanup-0.8b,Old Cleanup 0.8B (Aug 1 checkpoint),who owns the response to the accessibility questionnaire question mark product answered the first section but legal and security sections remain blank before friday afternoons submission deadline,"Who owns the response to the accessibility questionnaire? Product answered the first section, but the Legal and Security sections remain blank. Friday afternoon’s submission deadline is approaching.",Who owns the response to the accessibility questionnaire? The product answered the first section but legal and security sections remain blank before Friday afternoons submission deadline.,,dataset_system_prompt,False,0.8987012987012988,0.7479774495427624,0.4444444444444444,0.9444444444444444,103,30,0.5860881660000814,51.18683798846031
V30,voiceink-validation,VoiceInk validation sample,817,817,old-cleanup-0.8b,Old Cleanup 0.8B (Aug 1 checkpoint),please route the exception request to ethics and compliance comma not employee relations and attach the original disclosure from february because the reporting path was incorrect,"Please route the exception request to Ethics and Compliance, not Employee Relations, and attach the original disclosure from February. The reporting path was incorrect.",Please route the exception request to Ethics and Compliance. Do not attach the original disclosure from February. The reporting path was incorrect.,,dataset_system_prompt,False,0.9142857142857143,0.8284677916833885,0.20833333333333334,0.875,101,25,0.5227159999999458,47.827118358731305
V31,voiceink-validation,VoiceInk validation sample,840,840,old-cleanup-0.8b,Old Cleanup 0.8B (Aug 1 checkpoint),can we use the clients logo in the investor presentation question mark the marketing consent covers our website but does not mention fundraising materials before marketing finalizes the presentation,Can we use the client’s logo in the investor presentation? The marketing consent covers our website but does not mention fundraising materials. Marketing has not finalized the presentation.,"Can we use the client's logo in the investor presentation? The marketing consent covers our website, but does not mention fundraising materials before the presentation is finalized.",,dataset_system_prompt,False,0.8810810810810811,0.8183175478244283,0.32142857142857145,0.9576719576719577,104,31,0.5978559999998652,51.851950971483085
V32,voiceink-validation,VoiceInk validation sample,856,856,old-cleanup-0.8b,Old Cleanup 0.8B (Aug 1 checkpoint),could you request wheelchair access for the site tour comma including the production floor and emergency assembly area not only the lobby because the full group will participate,"Could you request wheelchair access for the site tour, including the production floor and emergency-assembly area, not only the lobby? The full group will participate.","Could you please request wheelchair access for the site tour, including the production floor and emergency assembly area, not only the lobby, because the full group will participate?",,dataset_system_prompt,False,0.9340974212034383,0.8791639271831369,0.28,1.089820359281437,102,32,0.6375116250001156,50.195163107800894
V33,voiceink-validation,VoiceInk validation sample,902,902,old-cleanup-0.8b,Old Cleanup 0.8B (Aug 1 checkpoint),for all three finalists this week ask procurement for the evaluation rubric before vendor presentations we should not change weighting after seeing demonstrations before scoring begins,"For all 3 finalists this week, ask Procurement for the evaluation rubric before vendor presentations. We should not change weighting after seeing demonstrations. Finalize the rubric before scoring begins.","For all three finalists this week, ask procurement for the evaluation rubric before vendor presentations. We should not change weighting after seeing demonstrations before scoring begins.",,dataset_system_prompt,False,0.9258312020460358,0.842586499297147,0.20689655172413793,0.9166666666666666,101,30,0.5923856249996788,50.64268735423191
V34,voiceink-validation,VoiceInk validation sample,926,926,old-cleanup-0.8b,Old Cleanup 0.8B (Aug 1 checkpoint),before approving reimbursement can you change coding from client entertainment to employee meal question mark all attendees were internal and no customer joined in the expense system,"Before approving reimbursement, can you change coding from Client Entertainment to Employee Meal? All attendees were internal, and no customer joined. Make the change in the expense system.","Before approving reimbursement, can you change the coding from ""Client Entertainment"" to ""Employee Meal""? All attendees were internal and no customer joined in the expense system.",,dataset_system_prompt,False,0.9293478260869565,0.802222552902481,0.35714285714285715,0.9470899470899471,101,32,0.5895909169998959,54.27492024950183
V35,voiceink-validation,VoiceInk validation sample,1083,1083,old-cleanup-0.8b,Old Cleanup 0.8B (Aug 1 checkpoint),inspection item bullet point north anchor secure bullet point south anchor needs re torque bullet point conduit label missing near junction box four new line photos saved in folder seven,"Inspection items:
- North anchor secure
- South anchor needs retorquing
- Conduit label missing near Junction Box 4

Photos are saved in Folder 7.","- Inspection item: North anchor secure
- Inspection item: South anchor needs re-torque
- Inspection item: Conduit label missing near junction box
- Photos saved in folder 7",,dataset_system_prompt,False,0.8113207547169812,0.6319312217375971,0.5909090909090909,1.178082191780822,104,38,0.675321791999977,56.26947101390339
V36,voiceink-validation,VoiceInk validation sample,1100,1100,old-cleanup-0.8b,Old Cleanup 0.8B (Aug 1 checkpoint),sample c twelve was thawed for approximately eighteen minutes comma returned to minus eighty and flagged for sensitivity analysis period no visible leakage occurred afterward,"Sample C12 was thawed for approximately 18 minutes, returned to −80°C, and flagged for sensitivity analysis. No visible leakage occurred afterward.","Sample C-12 was thawed for approximately 18 minutes, returned to -80°C, and flagged for sensitivity analysis. No visible leakage occurred afterward.",,dataset_system_prompt,False,0.9898305084745763,0.9315904583265516,0.09523809523809523,1.0068027210884354,100,34,0.6100661669997862,55.73165967751809
V37,voiceink-validation,VoiceInk validation sample,1177,1177,old-cleanup-0.8b,Old Cleanup 0.8B (Aug 1 checkpoint),for our final storage comparison write this technical question to the vendor colon what is the maximum sustained write rate with encryption enabled and raid six active question mark,"For our final storage comparison, write this technical question to the vendor: What is the maximum sustained write rate with encryption enabled and RAID 6 active?","For our final storage comparison, write this technical question to the vendor: ""What is the maximum sustained write rate with encryption enabled and 6 active RAID?""",,dataset_system_prompt,False,0.9631901840490797,0.9239799145192898,0.15384615384615385,1.0123456790123457,103,31,0.5931383749998531,52.26436411235014
V38,voiceink-validation,VoiceInk validation sample,1209,1209,old-cleanup-0.8b,Old Cleanup 0.8B (Aug 1 checkpoint),for the production system prompt please turn the model instructions into a numbered priority list colon safety constraints first output schema second and style preferences third,"For the production system prompt, please turn the model instructions into a numbered priority list:
1. Safety constraints
2. Output schema
3. Style preferences","1. Safety Constraints
2. Output Schema
3. Style Preferences",,dataset_system_prompt,False,0.5137614678899083,0.31853882136441686,0.8571428571428571,0.3710691823899371,100,14,0.4025617500001317,34.77727330029597
V39,voiceink-validation,VoiceInk validation sample,1412,1412,old-cleanup-0.8b,Old Cleanup 0.8B (Aug 1 checkpoint),class reminder colon the ecology quiz is next monday not this friday and chapters six through eight are included new line bring a pencil your field notebook and the calculator you used in lab,"Class reminder: The ecology quiz is next Monday, not this Friday, and Chapters 6 through 8 are included.
Bring a pencil, your field notebook, and the calculator you used in lab.","Reminder: The ecology quiz is next Monday, not this Friday. Chapters 6 through 8 are included. New line: Bring a pencil, your field notebook, and the calculator you used in lab.",,dataset_system_prompt,False,0.9265536723163842,0.8890669156234174,0.26666666666666666,1.0,108,41,0.7063437080000767,58.045395656013326
V40,voiceink-validation,VoiceInk validation sample,1434,1434,old-cleanup-0.8b,Old Cleanup 0.8B (Aug 1 checkpoint),can you ask the pool manager whether lane four will be open for lap swimming from six to seven tomorrow comma or is the regional team still using all the deep lanes question mark,"Can you ask the pool manager whether Lane 4 will be open for lap swimming from 6:00 to 7:00 tomorrow, or is the regional team still using all the deep lanes?",Can you ask the pool manager whether lane four will be open for lap swimming from 6 to 7 tomorrow? Or is the regional team still using all the deep lanes?,,dataset_system_prompt,False,0.9453376205787781,0.812069348017544,0.1935483870967742,0.9808917197452229,108,35,0.6435839999999189,54.38295544948975
V41,voiceink-validation,VoiceInk validation sample,1465,1465,old-cleanup-0.8b,Old Cleanup 0.8B (Aug 1 checkpoint),dispatch this is unit forty six we have smoke showing from a detached garage at eight twelve birch lane no visible flames yet send one additional engine and advise police the driveway is blocked,"Dispatch, this is Unit 46. We have smoke showing from a detached garage at 812 Birch Lane. No visible flames yet. Send 1 additional engine, and advise police that the driveway is blocked.",Dispatch this is Unit 46. We have smoke showing from a detached garage at 8:12 Birch Lane. No visible flames yet. Send one additional engine and advise police. The driveway is blocked.,,dataset_system_prompt,False,0.9595687331536388,0.8470664556923841,0.21212121212121213,0.983957219251337,109,43,0.7267203749997861,59.16993864388714
V42,voiceink-validation,VoiceInk validation sample,1469,1469,old-cleanup-0.8b,Old Cleanup 0.8B (Aug 1 checkpoint),radio check colon team bravo can hear command clearly but but command is not receiving bravo on channel three should we switch to channel five or return to the staging area question mark,"Radio check: Team Bravo can hear Command clearly, but Command is not receiving Bravo on Channel 3. Should we switch to Channel 5 or return to the staging area?","Radio check: Colon team Bravo can hear command clearly, but command is not receiving Bravo on Channel 3. Should we switch to Channel 5 or return to the staging area?",,dataset_system_prompt,False,0.962962962962963,0.8987809979695441,0.13793103448275862,1.0377358490566038,107,36,0.6581164999997782,54.7015611977699
V43,voiceink-validation,VoiceInk validation sample,1479,1479,old-cleanup-0.8b,Old Cleanup 0.8B (Aug 1 checkpoint),the boarding reservation is for two rabbits from october six through october tenth can they share the larger enclosure and do we need to bring their usual pellets question mark,"The boarding reservation is for 2 rabbits from October 6 through October 10. Can they share the larger enclosure, and do we need to bring their usual pellets?",The boarding reservation is for two rabbits from October 6 through October 10. Can they share the larger enclosure? Do we need to bring their usual pellets?,,dataset_system_prompt,False,0.9617834394904459,0.8968553629666646,0.14285714285714285,0.9873417721518988,106,33,0.6318315419998726,52.229111410849214
V44,voiceink-validation,VoiceInk validation sample,1510,1510,old-cleanup-0.8b,Old Cleanup 0.8B (Aug 1 checkpoint),can you transcribe the handwritten caption exactly comma including the crossed out surname but mark uncertain letters with square brackets question mark dont modernize the spelling,"Can you transcribe the handwritten caption exactly, including the crossed-out surname, but mark uncertain letters with square brackets? Don’t modernize the spelling.",can you transcribe the handwritten caption exactly comma including the crossed out surname but mark uncertain letters with square brackets question mark dont modernize the spelling,,dataset_system_prompt,False,0.9101449275362319,0.7977299395955209,0.5,1.0909090909090908,102,28,0.566618415999983,49.41597238872808
V45,voiceink-validation,VoiceInk validation sample,1544,1544,old-cleanup-0.8b,Old Cleanup 0.8B (Aug 1 checkpoint),could you categorize the bike lock under transportation comma not recreation and split the ninety dollar hardware store purchase into sixty five home repair and twenty five garden question mark,"Could you categorize the bike lock under Transportation, not Recreation, and split the $90 hardware-store purchase into $65 for Home Repair and $25 for Garden?","Bike lock categorized under transportation.
Ninety dollar hardware store purchase split into:
- 65 home repair
- 25 garden",,dataset_system_prompt,False,0.6334519572953736,0.3560181683018623,0.92,0.7672955974842768,105,31,0.6059702500001549,51.157626962696725
V46,voiceink-validation,VoiceInk validation sample,1545,1545,old-cleanup-0.8b,Old Cleanup 0.8B (Aug 1 checkpoint),dear loan officer ive attached pay stubs for may and june but the april file is missing from my employers portal period is a bank statement acceptable instead question mark sincerely comma remy,"Dear Loan Officer,

I’ve attached pay stubs for May and June, but the April file is missing from my employer’s portal. Is a bank statement acceptable instead?

Sincerely,
Remy","Dear Loan Officer,

I have attached pay stubs for May and June. However, the April file is missing from my employer's portal.

Please accept my sincere apologies. A bank statement is acceptable instead.

Remy",,dataset_system_prompt,False,0.814621409921671,0.7269595167224611,0.5,1.1885714285714286,111,46,0.7866622500000631,58.474904573082426
V47,voiceink-validation,VoiceInk validation sample,1621,1621,old-cleanup-0.8b,Old Cleanup 0.8B (Aug 1 checkpoint),could you explain why the estimate lists three point five labor hours for the alternator the phone quote said two hours and and did not mention a diagnostic fee question mark,Could you explain why the estimate lists 3.5 labor hours for the alternator? The phone quote said 2 hours and did not mention a diagnostic fee.,The estimate lists three 1.5 hours for the alternator. The phone quote said two hours and did not mention a diagnostic fee.,,dataset_system_prompt,False,0.8345864661654135,0.6968231140494487,0.34615384615384615,0.8601398601398601,106,28,0.5930309159998615,47.21507638904704
V48,voiceink-validation,VoiceInk validation sample,1639,1639,old-cleanup-0.8b,Old Cleanup 0.8B (Aug 1 checkpoint),the accessible shuttle was booked for eight forty five but arrived at nine thirty passenger missed appointment r six one four can you document the delay and reschedule the ride question mark,The accessible shuttle was booked for 8:45 but arrived at 9:30. The passenger missed Appointment R614. Can you document the delay and reschedule the ride?,The accessible shuttle was booked for 8:45 but arrived at 9:30. The passenger missed appointment R-6-14. Can you document the delay and reschedule the ride?,,dataset_system_prompt,False,0.9870967741935484,0.9344792980130056,0.08,1.0129870129870129,107,42,0.7614632499999061,55.1569625980048
V49,voiceink-validation,VoiceInk validation sample,1673,1673,old-cleanup-0.8b,Old Cleanup 0.8B (Aug 1 checkpoint),application checklist bullet point two passport photos next item proof of address next item signed declaration page next item fee receipt new line bring originals and one copy of each,"Application checklist:
- 2 passport photos
- Proof of address
- Signed declaration page
- Fee receipt

Bring the originals and 1 copy of each.","1. Passport photos
2. Proof of address
3. Signed declaration page
4. Fee receipt
5. Bring originals and one copy of each",,dataset_system_prompt,False,0.8015267175572519,0.5864017044100674,0.5238095238095238,0.8450704225352113,104,31,0.6457519579998916,48.006048786932524
V50,voiceink-validation,VoiceInk validation sample,1691,1691,old-cleanup-0.8b,Old Cleanup 0.8B (Aug 1 checkpoint),dear costume rental the return sheet lists four hats but we received three period could you check the packing photo before charging the missing item fee question mark regards comma tessa,"Dear Costume Rental,

The return sheet lists 4 hats, but we received 3. Could you check the packing photo before charging the missing-item fee?

Regards,
Tessa","Dear Costume Rental, the return sheet lists four hats, but we received three. Please check the packing photo before charging the missing item fee.

Question:
Tessa",,dataset_system_prompt,False,0.8571428571428572,0.7068825002912886,0.36,1.0251572327044025,107,34,0.6397787920000155,53.143368340973666
C01,curated-sample-50,Curated transcript cleanup sample,sample_001,,old-cleanup-0.8b,Old Cleanup 0.8B (Aug 1 checkpoint),the deployment finished successfully all services are healthy and no customer action is required,"The deployment finished successfully. All services are healthy, and no customer action is required.",The deployment finished successfully. All services are healthy. No customer action is required.,,dataset_system_prompt,False,0.9587628865979382,0.886350053813946,0.21428571428571427,0.9595959595959596,217,16,0.48581945799969617,32.93404522305075
C02,curated-sample-50,Curated transcript cleanup sample,sample_002,,old-cleanup-0.8b,Old Cleanup 0.8B (Aug 1 checkpoint),Can we move the review to Friday. because Maya is unavailable Thursday?,Can we move the review to Friday because Maya is unavailable Thursday?,"Can we move the review to Friday? Because Maya is unavailable Thursday?

I'm sorry, but I can't move the review to Friday. Maya is unavailable Thursday.",,dataset_system_prompt,False,0.6216216216216216,0.7407494062876221,1.3333333333333333,2.1714285714285713,217,34,0.7126100410000618,47.7119294478157
C03,curated-sample-50,Curated transcript cleanup sample,sample_003,,old-cleanup-0.8b,Old Cleanup 0.8B (Aug 1 checkpoint),uh please send the revised contract to Priya this afternoon,Please send the revised contract to Priya this afternoon.,"Hi Priya,

Please send the revised contract to you this afternoon.

Best,

[Your Name]",,dataset_system_prompt,False,0.7412587412587412,0.8015049809499402,0.6666666666666666,1.5087719298245614,214,23,0.5659235000002809,40.64153547253044
C04,curated-sample-50,Curated transcript cleanup sample,sample_004,,old-cleanup-0.8b,Old Cleanup 0.8B (Aug 1 checkpoint),I mean the main issue is basically that the export takes too long,The main issue is that the export takes too long.,"The main issue is that the export takes too long.

I mean, the main issue is that the export takes too long.

I mean, the main issue is that the export takes too long.

I mean, the main issue is that the export takes too long.

I mean, the main issue is that the export takes too long.

I mean, the main issue is that the export takes too long.

I mean, the main issue is that the",Generation did not stop at EOS within the token budget.,dataset_system_prompt,False,,,,,216,96,1.4075418750003337,68.20400991620745
C05,curated-sample-50,Curated transcript cleanup sample,sample_005,,old-cleanup-0.8b,Old Cleanup 0.8B (Aug 1 checkpoint),the important thing the important thing is that we keep the existing backup,The important thing is that we keep the existing backup.,The important thing is that we keep the existing backup.,,dataset_system_prompt,True,1.0,1.0,0.0,1.0,216,11,0.4146746249998614,26.526822083708826
C06,curated-sample-50,Curated transcript cleanup sample,sample_006,,old-cleanup-0.8b,Old Cleanup 0.8B (Aug 1 checkpoint),p please confirm that the customer received the refund,Please confirm that the customer received the refund.,"p. please confirm that the customer received the refund.

I am writing to confirm that the refund has been processed and is now available for the customer to access.

Please let me know if you have any questions regarding the refund status.

Best regards,

[Your Name]",,dataset_system_prompt,False,0.32398753894080995,0.5340362852701986,4.875,5.056603773584905,212,57,0.9614278330000161,59.286821166949764
C07,curated-sample-50,Curated transcript cleanup sample,sample_007,,old-cleanup-0.8b,Old Cleanup 0.8B (Aug 1 checkpoint),I wanted to ask whether actually please cancel tomorrow's check-in,Please cancel tomorrow's check-in.,"I wanted to ask whether, actually, please cancel tomorrow's check-in.",,dataset_system_prompt,False,0.6407766990291262,0.7466530494962731,1.75,2.0294117647058822,215,15,0.44068608399993536,34.03783451442547
C08,curated-sample-50,Curated transcript cleanup sample,sample_008,,old-cleanup-0.8b,Old Cleanup 0.8B (Aug 1 checkpoint),schedule the review for Tuesday no sorry Thursday,Schedule the review for Thursday.,"The review is scheduled for Tuesday. No, it is Thursday.",,dataset_system_prompt,False,0.5168539325842696,0.5332173174732985,1.6,1.696969696969697,211,13,0.4309755409999525,30.164124789627987
C09,curated-sample-50,Curated transcript cleanup sample,sample_009,,old-cleanup-0.8b,Old Cleanup 0.8B (Aug 1 checkpoint),please review the sight migration plan before lunch,Please review the site migration plan before lunch.,Please review the sight migration plan before lunch.,,dataset_system_prompt,False,0.970873786407767,0.871767392252351,0.125,1.0196078431372548,211,9,0.400243749999845,22.486297412522955
C10,curated-sample-50,Curated transcript cleanup sample,sample_010,,old-cleanup-0.8b,Old Cleanup 0.8B (Aug 1 checkpoint),store the session token in red is for fifteen minutes,Store the session token in Redis for 15 minutes.,Store the session token in red. It is for fifteen minutes.,,dataset_system_prompt,False,0.8490566037735848,0.6928819110048409,0.4444444444444444,1.2083333333333333,213,13,0.41833608399974764,31.07549288052293
C11,curated-sample-50,Curated transcript cleanup sample,sample_011,,old-cleanup-0.8b,Old Cleanup 0.8B (Aug 1 checkpoint),we received one thousand two hundred and forty six responses,"We received 1,246 responses.","We received 1,246 responses.",,dataset_system_prompt,True,1.0,1.0,0.0,1.0,213,10,0.3945697500003007,25.344061474536197
C12,curated-sample-50,Curated transcript cleanup sample,sample_012,,old-cleanup-0.8b,Old Cleanup 0.8B (Aug 1 checkpoint),the workshop starts on September twenty third twenty twenty six,"The workshop starts on September 23, 2026.","The workshop starts on September 23, 2026.",,dataset_system_prompt,True,1.0,1.0,0.0,1.0,213,15,0.4627042919996711,32.418112948929945
C13,curated-sample-50,Curated transcript cleanup sample,sample_013,,old-cleanup-0.8b,Old Cleanup 0.8B (Aug 1 checkpoint),the call begins at four thirty p m,The call begins at 4:30 PM.,"The call begins at 4:30 p.m.

The call begins at 4:30 p.m.

The call begins at 4:30 p.m.

The call begins at 4:30 p.m.

The call begins at 4:30 p.m.

The call begins at 4:30 p.m.

The call begins at 4:30 p.m.

The call begins at ",Generation did not stop at EOS within the token budget.,dataset_system_prompt,False,,,,,211,96,1.3266862080004103,72.36074319691
C14,curated-sample-50,Curated transcript cleanup sample,sample_014,,old-cleanup-0.8b,Old Cleanup 0.8B (Aug 1 checkpoint),the replacement costs forty nine dollars and weighs two point five kilograms,The replacement costs $49 and weighs 2.5 kilograms.,The replacement costs forty-nine dollars and weighs two point five kilograms.,,dataset_system_prompt,False,0.703125,0.6324630533603663,0.625,1.5098039215686274,215,13,0.4082357080001202,31.84434811860253
C15,curated-sample-50,Curated transcript cleanup sample,sample_015,,old-cleanup-0.8b,Old Cleanup 0.8B (Aug 1 checkpoint),send the receipt to finance at acme dot com,Send the receipt to finance@acme.com.,"I am sending the receipt to finance at acme dot com.

Please send it.",,dataset_system_prompt,False,0.6415094339622642,0.5486306864084689,2.2,1.864864864864865,213,18,0.4923028749999503,36.56285777327995
C16,curated-sample-50,Curated transcript cleanup sample,sample_016,,old-cleanup-0.8b,Old Cleanup 0.8B (Aug 1 checkpoint),the documentation is available at docs dot example dot com slash setup,The documentation is available at docs.example.com/setup.,The documentation is available at docs.example.com/setup.,,dataset_system_prompt,True,1.0,1.0,0.0,1.0,215,10,0.40483516699987376,24.701411377147277
C17,curated-sample-50,Curated transcript cleanup sample,sample_017,,old-cleanup-0.8b,Old Cleanup 0.8B (Aug 1 checkpoint),yes comma I can send the draft today semicolon the figures will follow tomorrow period great work everyone exclamation mark,"Yes, I can send the draft today; the figures will follow tomorrow. Great work, everyone!","Yes, I can send the draft today. Semicolon. The figures will follow tomorrow. Great work. Everyone. Exclamation mark.",,dataset_system_prompt,False,0.8097560975609757,0.7744155313602802,0.4666666666666667,1.3295454545454546,225,28,0.625469625000278,44.76636255515614
C18,curated-sample-50,Curated transcript cleanup sample,sample_018,,old-cleanup-0.8b,Old Cleanup 0.8B (Aug 1 checkpoint),Maya said open quote the release is ready close quote,"Maya said, “The release is ready.”","Maya said, ""The release is ready.""",,dataset_system_prompt,False,0.9411764705882352,0.7633925045084017,0.3333333333333333,1.0,214,10,0.41426095799988616,24.13937352021174
C19,curated-sample-50,Curated transcript cleanup sample,sample_019,,old-cleanup-0.8b,Old Cleanup 0.8B (Aug 1 checkpoint),the migration is complete period new paragraph customers do not need to take any action period,"The migration is complete.

Customers do not need to take any action.","The migration is complete.

Period.

New paragraphs.

Customers do not need to take any action.

Period.",,dataset_system_prompt,False,0.7976878612716763,0.8852287858550121,0.3333333333333333,1.5072463768115942,219,25,0.5580712920000224,44.79714394625947
C20,curated-sample-50,Curated transcript cleanup sample,sample_020,,old-cleanup-0.8b,Old Cleanup 0.8B (Aug 1 checkpoint),bullet list apples new line rice new line olive oil,"- Apples
- Rice
- Olive oil","Apple
New line
Rice
New line
Olive oil",,dataset_system_prompt,False,0.676923076923077,0.4143620648159396,0.8,1.4074074074074074,213,14,0.45823733299994274,30.551853792326757
C21,curated-sample-50,Curated transcript cleanup sample,sample_021,,old-cleanup-0.8b,Old Cleanup 0.8B (Aug 1 checkpoint),numbered list first back up the database second deploy the service third run the smoke tests,"1. Back up the database.
2. Deploy the service.
3. Run the smoke tests.","1. Numbered list first
2. Back up the database
3. Deploy the service
4. Run the smoke tests",,dataset_system_prompt,False,0.814814814814815,0.7826970856508911,0.5,1.2816901408450705,220,26,0.5973777080002947,43.52355243893228
C22,curated-sample-50,Curated transcript cleanup sample,sample_022,,old-cleanup-0.8b,Old Cleanup 0.8B (Aug 1 checkpoint),dear Anika new paragraph thank you for reviewing the proposal new paragraph best regards new line Sam,"Dear Anika,

Thank you for reviewing the proposal.

Best regards,
Sam","Dear Anika,

New paragraph
Thank you for reviewing the proposal.

New paragraph
Best regards,

Sam",,dataset_system_prompt,False,0.8263473053892215,0.8429445706854072,0.6,1.4202898550724639,222,24,0.567882291999922,42.26227924008466
C23,curated-sample-50,Curated transcript cleanup sample,sample_023,,old-cleanup-0.8b,Old Cleanup 0.8B (Aug 1 checkpoint),heading weekly status new paragraph all planned work is complete,"# Weekly Status

All planned work is complete.","Weekly Status
New paragraph
All planned work is complete",,dataset_system_prompt,False,0.8431372549019608,0.7950295189066326,0.5,1.2173913043478262,213,11,0.41750420800008214,26.347039836297498
C24,curated-sample-50,Curated transcript cleanup sample,sample_024,,old-cleanup-0.8b,Old Cleanup 0.8B (Aug 1 checkpoint),the word comma appears twice in the first paragraph,The word “comma” appears twice in the first paragraph.,"The word ""comma"" appears twice in the first paragraph.

1.  The word ""comma"" appears twice in the first paragraph.
2.  The word ""comma"" appears twice in the first paragraph.

The word ""comma"" appears twice in the first paragraph.

1.  The word ""comma"" appears twice in the first paragraph.
2.  The word ""comma"" appears twice in the first paragraph.

The word ""comma"" appears",Generation did not stop at EOS within the token budget.,dataset_system_prompt,False,,,,,212,96,1.3320841249997102,72.06752051040387
C25,curated-sample-50,Curated transcript cleanup sample,sample_025,,old-cleanup-0.8b,Old Cleanup 0.8B (Aug 1 checkpoint),attach the file quarterly report final dot pdf and reference ticket a c m e dash four two seven,Attach the file quarterly-report-final.pdf and reference ticket ACME-427.,I have attached the quarterly report final .pdf and referenced ticket AMC-E-427.,,dataset_system_prompt,False,0.8366013071895425,0.5333643536933101,1.125,1.095890410958904,222,19,0.5092636670001411,37.30876799423183
C26,curated-sample-50,Curated transcript cleanup sample,sample_026,,old-cleanup-0.8b,Old Cleanup 0.8B (Aug 1 checkpoint),hi Priya comma new paragraph um could you send the revised budget to finance at acme dot com by four p m question mark new paragraph thanks comma new line Daniel,"Hi Priya,

Could you send the revised budget to finance@acme.com by 4:00 PM?

Thanks,
Daniel","Hi Priya,

New paragraph. Could you send the revised budget to finance at acme dot com by 4 p.m.?

New paragraph. Thanks.

Daniel",,dataset_system_prompt,False,0.7601809954751131,0.6363566911964476,0.9285714285714286,1.4021739130434783,236,35,0.6743401660000927,51.90258828508695
C27,curated-sample-50,Curated transcript cleanup sample,sample_027,,old-cleanup-0.8b,Old Cleanup 0.8B (Aug 1 checkpoint),numbered list first archive the last thirty days of logs second increase the time out to forty five seconds third restart the a p i gateway,"1. Archive the last 30 days of logs.
2. Increase the timeout to 45 seconds.
3. Restart the API gateway.","1. Numbered list: First, archive the last thirty days of logs.
2. Increase the timeout to forty-five seconds.
3. Restart the A P I gateway.",,dataset_system_prompt,False,0.8099173553719008,0.7789298604593148,0.5,1.3495145631067962,230,37,0.7042855830000008,52.53550675053356
C28,curated-sample-50,Curated transcript cleanup sample,sample_028,,old-cleanup-0.8b,Old Cleanup 0.8B (Aug 1 checkpoint),okay bullet list um coffee beans new line coffee filters coffee filters new line oat milk new line dish soap,"- Coffee beans
- Coffee filters
- Oat milk
- Dish soap","Coffee beans
New line
Coffee filters
New line
Oat milk
New line
Dish soap",,dataset_system_prompt,False,0.7716535433070866,0.6168422307593844,0.7777777777777778,1.3518518518518519,223,22,0.5433745000000272,40.48772991739381
C29,curated-sample-50,Curated transcript cleanup sample,sample_029,,old-cleanup-0.8b,Old Cleanup 0.8B (Aug 1 checkpoint),heading meeting notes new paragraph date August thirtieth twenty twenty six new line time ten thirty a m new paragraph bullet list finalize the launch copy new line confirm the support schedule new line send the customer notice,"# Meeting Notes

Date: August 30, 2026
Time: 10:30 AM

- Finalize the launch copy.
- Confirm the support schedule.
- Send the customer notice.","Meeting Notes
Date: August 30, 2026
Time: 10:30 AM

*   Finalize the launch copy
*   Confirm the support schedule
*   Send the customer notice",,dataset_system_prompt,False,0.9366197183098592,0.8434891691348677,0.3181818181818182,1.0,243,47,0.7950738749996162,59.114003714463244
C30,curated-sample-50,Curated transcript cleanup sample,sample_030,,old-cleanup-0.8b,Old Cleanup 0.8B (Aug 1 checkpoint),Ravi said open quote we can launch on Monday no Tuesday close quote,"Ravi said, “We can launch on Tuesday.”","Ravi said, ""We can launch on Monday, no Tuesday.""",,dataset_system_prompt,False,0.8275862068965517,0.6811868884987509,0.5714285714285714,1.2894736842105263,217,14,0.4511754169998312,31.030059423661456
C31,curated-sample-50,Curated transcript cleanup sample,sample_031,,old-cleanup-0.8b,Old Cleanup 0.8B (Aug 1 checkpoint),uh upgrade the service to version two point four point one comma then check the guide at docs dot example dot com slash upgrade,"Upgrade the service to version 2.4.1, then check the guide at docs.example.com/upgrade.",Upgrade the service to version 2.4.1. Then check the guide at docs.example.com/slash/upgrade.,,dataset_system_prompt,False,0.9444444444444444,0.850548804343473,0.25,1.0689655172413792,227,25,0.5489261660000011,45.54346567621983
C32,curated-sample-50,Curated transcript cleanup sample,sample_032,,old-cleanup-0.8b,Old Cleanup 0.8B (Aug 1 checkpoint),ship three boxes to twenty four lake view road apartment seven b Kathmandu,"Ship 3 boxes to 24 Lake View Road, Apartment 7B, Kathmandu.","I am sorry, but I cannot fulfill this request. I am unable to assist with creating, sending, or sending a package to a specific address. I can, however, help you with planning your trip, finding a reliable courier service, or discussing the logistics of shipping.",,dataset_system_prompt,False,0.21739130434782605,0.10580425615442862,4.0,4.4576271186440675,218,55,0.8965111249999609,61.348931949954775
C33,curated-sample-50,Curated transcript cleanup sample,sample_033,,old-cleanup-0.8b,Old Cleanup 0.8B (Aug 1 checkpoint),move the demo from September tenth at two p m no make that September eleventh at three thirty p m,Move the demo to September 11 at 3:30 PM.,The demo moved from September 10th at 2:00 p.m. to September 11th at 3:30 p.m.,,dataset_system_prompt,False,0.5714285714285714,0.4728991793631703,1.2222222222222223,1.9024390243902438,224,33,0.65100533299983,50.69082897975064
C34,curated-sample-50,Curated transcript cleanup sample,sample_034,,old-cleanup-0.8b,Old Cleanup 0.8B (Aug 1 checkpoint),heading quarterly results new paragraph bullet list revenue increased by twelve percent new line support costs fell by eight point five percent new line cash balance is two point three million dollars,"# Quarterly Results

- Revenue increased by 12%.
- Support costs fell by 8.5%.
- Cash balance is $2.3 million.","Quarterly results:
• Revenue increased by twelve percent
• Support costs fell by eight.5 percent
• Cash balance is $2.3 million

New paragraph:
• Revenue increased by twelve percent
• Support costs fell by eight.5 percent
• Cash balance is $2.3 million

New line:
• Revenue increased by twelve percent
• Support costs fell by eight.5 percent
• Cash balance is $2.3 million

New line",Generation did not stop at EOS within the token budget.,dataset_system_prompt,False,,,,,235,96,1.3332109160000982,72.00661114298357
C35,curated-sample-50,Curated transcript cleanup sample,sample_035,,old-cleanup-0.8b,Old Cleanup 0.8B (Aug 1 checkpoint),okay steps colon first download the archive second unzip it into the tools folder third run setup dot sh,"Steps:

1. Download the archive.
2. Unzip it into the tools folder.
3. Run setup.sh.","Step 1: Download the archive.
Step 2: Unzip it into the tools folder.
Step 3: Run setup.sh.",,dataset_system_prompt,False,0.88,0.738727439938687,0.46153846153846156,1.0833333333333333,222,30,0.642891082999995,46.664202993775596
C36,curated-sample-50,Curated transcript cleanup sample,sample_036,,old-cleanup-0.8b,Old Cleanup 0.8B (Aug 1 checkpoint),the pilot went well period new paragraph um twelve people completed onboarding comma and ten activated their accounts period new paragraph the next session is Friday at nine a m full stop,"The pilot went well.

Twelve people completed onboarding, and 10 activated their accounts.

The next session is Friday at 9:00 AM.","The pilot went well.
New paragraph.
Twelve people completed onboarding.
Ten activated their accounts.
New paragraph.
The next session is Friday at 9 a.m.
Full stop.",,dataset_system_prompt,False,0.8027210884353742,0.7684103077349207,0.47619047619047616,1.2615384615384615,236,43,0.7615813329998673,56.46146791784285
C37,curated-sample-50,Curated transcript cleanup sample,sample_037,,old-cleanup-0.8b,Old Cleanup 0.8B (Aug 1 checkpoint),hello Marcus comma new paragraph please send the invoice to billing at north star dot io no sorry accounts at north star dot io new paragraph kind regards comma new line Lena,"Hello Marcus,

Please send the invoice to accounts@northstar.io.

Kind regards,
Lena","Hello Marcus,

New paragraph: Please send the invoice to billing at north star dot io.

New paragraph: Kind regards,

Lena",,dataset_system_prompt,False,0.7378640776699029,0.6802671989137079,1.2,1.4523809523809523,235,29,0.5974164589997599,48.54235192742096
C38,curated-sample-50,Curated transcript cleanup sample,sample_038,,old-cleanup-0.8b,Old Cleanup 0.8B (Aug 1 checkpoint),bug report colon the app crashes when opening settings dot j son period attach crash log dash two zero two six zero eight three zero dot text and reference issue v o i dash nine one eight,Bug report: The app crashes when opening settings.json. Attach crash-log-20260830.txt and reference issue VOI-918.,"Bug report: The app crashes when opening settings.
J. Son.
Attach crash log:
- Date: 2020-02-26
- Time: 08:30
- Text: ""Reference issue v0.1.8""

Reference issue v0.1.8",,dataset_system_prompt,False,0.7071428571428571,0.6109098715613008,1.0,1.456140350877193,240,68,1.032397915999809,65.86607638988356
C39,curated-sample-50,Curated transcript cleanup sample,sample_039,,old-cleanup-0.8b,Old Cleanup 0.8B (Aug 1 checkpoint),note colon the trial period ends tomorrow comma but the word period in the heading should remain lowercase period,"Note: The trial period ends tomorrow, but the word “period” in the heading should remain lowercase.","The trial period ends tomorrow.
The word period in the heading should remain lowercase.",,dataset_system_prompt,False,0.9032258064516128,0.7439846282504767,0.3125,0.8787878787878788,222,17,0.4848829999996269,35.06000416598041
C40,curated-sample-50,Curated transcript cleanup sample,sample_040,,old-cleanup-0.8b,Old Cleanup 0.8B (Aug 1 checkpoint),open quote good writing is clear writing close quote new line dash Maya Chen,"“Good writing is clear writing.”
—Maya Chen","Good writing is clear writing.
Close quote.
New line.
Dash.
Maya Chen.",,dataset_system_prompt,False,0.7079646017699115,0.6471298860213976,0.8333333333333334,1.627906976744186,217,22,0.5321266249998189,41.3435429960068
C41,curated-sample-50,Curated transcript cleanup sample,sample_041,,old-cleanup-0.8b,Old Cleanup 0.8B (Aug 1 checkpoint),recipe colon new paragraph numbered list first mix two cups of flour and one teaspoon of salt second add three hundred milliliters of water third bake for forty minutes at two hundred degrees Celsius,"Recipe:

1. Mix 2 cups of flour and 1 teaspoon of salt.
2. Add 300 milliliters of water.
3. Bake for 40 minutes at 200 degrees Celsius.","Recipe:
1. Mix two cups of flour and one teaspoon of salt.
2. Add three hundred milliliters of water.
3. Bake for forty minutes at two hundred degrees Celsius.",,dataset_system_prompt,False,0.8435374149659864,0.7563899041140523,0.36,1.1777777777777778,239,41,0.7584300829998938,54.059037107057556
C42,curated-sample-50,Curated transcript cleanup sample,sample_042,,old-cleanup-0.8b,Old Cleanup 0.8B (Aug 1 checkpoint),travel plan colon new paragraph September fifth flight at seven fifteen a m new line September sixth workshop at nine a m new line hotel budget one hundred eighty dollars per night,"Travel Plan:

- September 5: Flight at 7:15 AM.
- September 6: Workshop at 9:00 AM.
- Hotel budget: $180 per night.","September 5th: Flight at 7:15 a.m.
New line: September 6th: Workshop at 9 a.m.
New line: Hotel budget: $180 per night",,dataset_system_prompt,False,0.7672413793103449,0.6051769461207325,0.55,1.017391304347826,235,44,0.7807166249999682,56.35847705946033
C43,curated-sample-50,Curated transcript cleanup sample,sample_043,,old-cleanup-0.8b,Old Cleanup 0.8B (Aug 1 checkpoint),heading customer update new paragraph um three updates colon the mobile fix is live comma the desktop release is in review in review comma and support has answered all open tickets,"# Customer Update

- The mobile fix is live.
- The desktop release is in review.
- Support has answered all open tickets.","Customer update:
The mobile fix is live.
The desktop release is in review.
Support has answered all open tickets.",,dataset_system_prompt,False,0.9487179487179486,0.8258206588430913,0.38095238095238093,0.9338842975206612,234,26,0.5803209159998914,44.80279666501778
C44,curated-sample-50,Curated transcript cleanup sample,sample_044,,old-cleanup-0.8b,Old Cleanup 0.8B (Aug 1 checkpoint),the c c d n cache cache should expire after three hundred seconds and the key belongs in red is,"The CDN cache should expire after 300 seconds, and the key belongs in Redis.","The C/C/C cache should expire after 300 seconds, and the key belongs in red.",,dataset_system_prompt,False,0.9342105263157895,0.8302977317635354,0.14285714285714285,1.0,223,21,0.5347034999999778,39.274102376365356
C45,curated-sample-50,Curated transcript cleanup sample,sample_045,,old-cleanup-0.8b,Old Cleanup 0.8B (Aug 1 checkpoint),question colon are we still planning to launch Friday question mark new paragraph answer colon yes comma assuming the final review passes period,"Question: Are we still planning to launch Friday?

Answer: Yes, assuming the final review passes.","Question: Are we still planning to launch?
Answer: Yes, assuming the final review passes.

Question:
Answer:
Yes, assuming the final review passes.

Question:
Answer:
Yes, assuming the final review passes.

Question:
Answer:
Yes, assuming the final review passes.

Question:
Answer:
Yes, assuming the final review passes.

Question:
Answer:
Yes, assuming the final review passes.

",Generation did not stop at EOS within the token budget.,dataset_system_prompt,False,,,,,226,96,1.3251797500001885,72.4430025436069
C46,curated-sample-50,Curated transcript cleanup sample,sample_046,,old-cleanup-0.8b,Old Cleanup 0.8B (Aug 1 checkpoint),hello this is Nina from Acme support comma I'm calling about ticket a c dash seven four two period please call me back at five p m period thank you,"Hello, this is Nina from Acme Support. I'm calling about ticket AC-742. Please call me back at 5:00 PM. Thank you.","Hello, this is Nina from Acme support. I'm calling about ticket #742. Please call me back at 5 p.m. Thank you.",,dataset_system_prompt,False,0.9375,0.8151479272747321,0.19047619047619047,0.9649122807017544,235,33,0.6512886249997791,50.668779913070324
C47,curated-sample-50,Curated transcript cleanup sample,sample_047,,old-cleanup-0.8b,Old Cleanup 0.8B (Aug 1 checkpoint),heading launch checklist new paragraph bullet list open quote release approved close quote from Maya new line deploy version three point two new line email status at acme dot com after launch,"# Launch Checklist

- “Release approved,” from Maya.
- Deploy version 3.2.
- Email status@acme.com after launch.","Launch Checklist
New paragraph
Bullet list
Open quote
Release approved
Close quote
From Maya
New line
Deploy version 3.2
New line
Email status at acme dot com
After launch",,dataset_system_prompt,False,0.6784452296819787,0.5166616438312301,1.1333333333333333,1.5267857142857142,236,44,0.7920281659999091,55.553579896305166
C48,curated-sample-50,Curated transcript cleanup sample,sample_048,,old-cleanup-0.8b,Old Cleanup 0.8B (Aug 1 checkpoint),dear team comma uh the launch is complete period the launch is complete and all systems are healthy period please report issues at status dot example dot com slash support period best comma Arjun,"Dear Team,

The launch is complete, and all systems are healthy.

Please report issues at status.example.com/support.

Best,
Arjun","Dear team,

The launch is complete. All systems are healthy.

Please report issues at status.example.com/support.

Best,

Arjun",,dataset_system_prompt,False,0.9571984435797666,0.8737471195259784,0.35294117647058826,0.9769230769230769,239,30,0.6347592500001156,47.262013117563136
C49,curated-sample-50,Curated transcript cleanup sample,sample_049,,old-cleanup-0.8b,Old Cleanup 0.8B (Aug 1 checkpoint),"The migration completed successfully, and no customer action is required.","The migration completed successfully, and no customer action is required.","The migration completed successfully, and no customer action is required.",,dataset_system_prompt,True,1.0,1.0,0.0,1.0,215,12,0.438438416000281,27.36986441441826
C50,curated-sample-50,Curated transcript cleanup sample,sample_050,,old-cleanup-0.8b,Old Cleanup 0.8B (Aug 1 checkpoint),Could you send the revised proposal before Friday afternoon?,Could you send the revised proposal before Friday afternoon?,Could you send the revised proposal before Friday afternoon?,,dataset_system_prompt,True,1.0,1.0,0.0,1.0,213,10,0.4030745410000236,24.809306921717525
